text,ngrams_2
"itching, skin_rash, nodal_skin_eruptions, dischromic, _patches","[['itching', 'skinrash'], ['skinrash', 'nodalskineruptions'], ['nodalskineruptions', 'dischromic'], ['dischromic', 'patches']]"
"skin_rash, nodal_skin_eruptions, dischromic, _patches","[['skinrash', 'nodalskineruptions'], ['nodalskineruptions', 'dischromic'], ['dischromic', 'patches']]"
"itching, nodal_skin_eruptions, dischromic, _patches","[['itching', 'nodalskineruptions'], ['nodalskineruptions', 'dischromic'], ['dischromic', 'patches']]"
"itching, skin_rash, dischromic, _patches","[['itching', 'skinrash'], ['skinrash', 'dischromic'], ['dischromic', 'patches']]"
"itching, skin_rash, nodal_skin_eruptions","[['itching', 'skinrash'], ['skinrash', 'nodalskineruptions']]"
"continuous_sneezing, shivering, chills, watering_from_eyes","[['continuoussneezing', 'shivering'], ['shivering', 'chills'], ['chills', 'wateringfromeyes']]"
"shivering, chills, watering_from_eyes","[['shivering', 'chills'], ['chills', 'wateringfromeyes']]"
"continuous_sneezing, chills, watering_from_eyes","[['continuoussneezing', 'chills'], ['chills', 'wateringfromeyes']]"
"continuous_sneezing, shivering, watering_from_eyes","[['continuoussneezing', 'shivering'], ['shivering', 'wateringfromeyes']]"
"continuous_sneezing, shivering, chills","[['continuoussneezing', 'shivering'], ['shivering', 'chills']]"
"stomach_pain, acidity, ulcers_on_tongue, vomiting, cough, chest_pain","[['stomachpain', 'acidity'], ['acidity', 'ulcersontongue'], ['ulcersontongue', 'vomiting'], ['vomiting', 'cough'], ['cough', 'chestpain']]"
"stomach_pain, ulcers_on_tongue, vomiting, cough, chest_pain","[['stomachpain', 'ulcersontongue'], ['ulcersontongue', 'vomiting'], ['vomiting', 'cough'], ['cough', 'chestpain']]"
"stomach_pain, acidity, vomiting, cough, chest_pain","[['stomachpain', 'acidity'], ['acidity', 'vomiting'], ['vomiting', 'cough'], ['cough', 'chestpain']]"
"stomach_pain, acidity, ulcers_on_tongue, cough, chest_pain","[['stomachpain', 'acidity'], ['acidity', 'ulcersontongue'], ['ulcersontongue', 'cough'], ['cough', 'chestpain']]"
"stomach_pain, acidity, ulcers_on_tongue, vomiting, chest_pain","[['stomachpain', 'acidity'], ['acidity', 'ulcersontongue'], ['ulcersontongue', 'vomiting'], ['vomiting', 'chestpain']]"
"stomach_pain, acidity, ulcers_on_tongue, vomiting, cough","[['stomachpain', 'acidity'], ['acidity', 'ulcersontongue'], ['ulcersontongue', 'vomiting'], ['vomiting', 'cough']]"
"acidity, ulcers_on_tongue, vomiting, cough, chest_pain","[['acidity', 'ulcersontongue'], ['ulcersontongue', 'vomiting'], ['vomiting', 'cough'], ['cough', 'chestpain']]"
"itching, vomiting, yellowish_skin, nausea, loss_of_appetite, abdominal_pain, yellowing_of_eyes","[['itching', 'vomiting'], ['vomiting', 'yellowishskin'], ['yellowishskin', 'nausea'], ['nausea', 'lossofappetite'], ['lossofappetite', 'abdominalpain'], ['abdominalpain', 'yellowingofeyes']]"
"vomiting, yellowish_skin, nausea, loss_of_appetite, abdominal_pain, yellowing_of_eyes","[['vomiting', 'yellowishskin'], ['yellowishskin', 'nausea'], ['nausea', 'lossofappetite'], ['lossofappetite', 'abdominalpain'], ['abdominalpain', 'yellowingofeyes']]"
"itching, yellowish_skin, nausea, loss_of_appetite, abdominal_pain, yellowing_of_eyes","[['itching', 'yellowishskin'], ['yellowishskin', 'nausea'], ['nausea', 'lossofappetite'], ['lossofappetite', 'abdominalpain'], ['abdominalpain', 'yellowingofeyes']]"
"itching, vomiting, nausea, loss_of_appetite, abdominal_pain, yellowing_of_eyes","[['itching', 'vomiting'], ['vomiting', 'nausea'], ['nausea', 'lossofappetite'], ['lossofappetite', 'abdominalpain'], ['abdominalpain', 'yellowingofeyes']]"
"itching, vomiting, yellowish_skin, loss_of_appetite, abdominal_pain, yellowing_of_eyes","[['itching', 'vomiting'], ['vomiting', 'yellowishskin'], ['yellowishskin', 'lossofappetite'], ['lossofappetite', 'abdominalpain'], ['abdominalpain', 'yellowingofeyes']]"
"itching, vomiting, yellowish_skin, nausea, abdominal_pain, yellowing_of_eyes","[['itching', 'vomiting'], ['vomiting', 'yellowishskin'], ['yellowishskin', 'nausea'], ['nausea', 'abdominalpain'], ['abdominalpain', 'yellowingofeyes']]"
"itching, vomiting, yellowish_skin, nausea, loss_of_appetite, yellowing_of_eyes","[['itching', 'vomiting'], ['vomiting', 'yellowishskin'], ['yellowishskin', 'nausea'], ['nausea', 'lossofappetite'], ['lossofappetite', 'yellowingofeyes']]"
"itching, vomiting, yellowish_skin, nausea, loss_of_appetite, abdominal_pain","[['itching', 'vomiting'], ['vomiting', 'yellowishskin'], ['yellowishskin', 'nausea'], ['nausea', 'lossofappetite'], ['lossofappetite', 'abdominalpain']]"
"itching, skin_rash, stomach_pain, burning_micturition, spotting_, urination","[['itching', 'skinrash'], ['skinrash', 'stomachpain'], ['stomachpain', 'burningmicturition'], ['burningmicturition', 'spotting'], ['spotting', 'urination']]"
"itching, stomach_pain, burning_micturition, spotting_, urination","[['itching', 'stomachpain'], ['stomachpain', 'burningmicturition'], ['burningmicturition', 'spotting'], ['spotting', 'urination']]"
"itching, skin_rash, burning_micturition, spotting_, urination","[['itching', 'skinrash'], ['skinrash', 'burningmicturition'], ['burningmicturition', 'spotting'], ['spotting', 'urination']]"
"itching, skin_rash, stomach_pain, spotting_, urination","[['itching', 'skinrash'], ['skinrash', 'stomachpain'], ['stomachpain', 'spotting'], ['spotting', 'urination']]"
"itching, skin_rash, stomach_pain, burning_micturition","[['itching', 'skinrash'], ['skinrash', 'stomachpain'], ['stomachpain', 'burningmicturition']]"
"skin_rash, stomach_pain, burning_micturition, spotting_, urination","[['skinrash', 'stomachpain'], ['stomachpain', 'burningmicturition'], ['burningmicturition', 'spotting'], ['spotting', 'urination']]"
"vomiting, loss_of_appetite, abdominal_pain, passage_of_gases, internal_itching","[['vomiting', 'lossofappetite'], ['lossofappetite', 'abdominalpain'], ['abdominalpain', 'passageofgases'], ['passageofgases', 'internalitching']]"
"vomiting, indigestion, abdominal_pain, passage_of_gases, internal_itching","[['vomiting', 'indigestion'], ['indigestion', 'abdominalpain'], ['abdominalpain', 'passageofgases'], ['passageofgases', 'internalitching']]"
"indigestion, loss_of_appetite, abdominal_pain, passage_of_gases, internal_itching","[['indigestion', 'lossofappetite'], ['lossofappetite', 'abdominalpain'], ['abdominalpain', 'passageofgases'], ['passageofgases', 'internalitching']]"
"vomiting, indigestion, loss_of_appetite, passage_of_gases, internal_itching","[['vomiting', 'indigestion'], ['indigestion', 'lossofappetite'], ['lossofappetite', 'passageofgases'], ['passageofgases', 'internalitching']]"
"vomiting, indigestion, loss_of_appetite, abdominal_pain, internal_itching","[['vomiting', 'indigestion'], ['indigestion', 'lossofappetite'], ['lossofappetite', 'abdominalpain'], ['abdominalpain', 'internalitching']]"
"vomiting, indigestion, loss_of_appetite, abdominal_pain, passage_of_gases","[['vomiting', 'indigestion'], ['indigestion', 'lossofappetite'], ['lossofappetite', 'abdominalpain'], ['abdominalpain', 'passageofgases']]"
"vomiting, indigestion, loss_of_appetite, abdominal_pain, passage_of_gases, internal_itching","[['vomiting', 'indigestion'], ['indigestion', 'lossofappetite'], ['lossofappetite', 'abdominalpain'], ['abdominalpain', 'passageofgases'], ['passageofgases', 'internalitching']]"
"muscle_wasting, patches_in_throat, high_fever, extra_marital_contacts","[['musclewasting', 'patchesinthroat'], ['patchesinthroat', 'highfever'], ['highfever', 'extramaritalcontacts']]"
"patches_in_throat, high_fever, extra_marital_contacts","[['patchesinthroat', 'highfever'], ['highfever', 'extramaritalcontacts']]"
"muscle_wasting, high_fever, extra_marital_contacts","[['musclewasting', 'highfever'], ['highfever', 'extramaritalcontacts']]"
"muscle_wasting, patches_in_throat, extra_marital_contacts","[['musclewasting', 'patchesinthroat'], ['patchesinthroat', 'extramaritalcontacts']]"
"muscle_wasting, patches_in_throat, high_fever","[['musclewasting', 'patchesinthroat'], ['patchesinthroat', 'highfever']]"
"fatigue, weight_loss, restlessness, lethargy, irregular_sugar_level, blurred_and_distorted_vision, obesity, excessive_hunger, increased_appetite, polyuria","[['fatigue', 'weightloss'], ['weightloss', 'restlessness'], ['restlessness', 'lethargy'], ['lethargy', 'irregularsugarlevel'], ['irregularsugarlevel', 'blurredanddistortedvision'], ['blurredanddistortedvision', 'obesity'], ['obesity', 'excessivehunger'], ['excessivehunger', 'increasedappetite'], ['increasedappetite', 'polyuria']]"
"weight_loss, restlessness, lethargy, irregular_sugar_level, blurred_and_distorted_vision, obesity, excessive_hunger, increased_appetite, polyuria","[['weightloss', 'restlessness'], ['restlessness', 'lethargy'], ['lethargy', 'irregularsugarlevel'], ['irregularsugarlevel', 'blurredanddistortedvision'], ['blurredanddistortedvision', 'obesity'], ['obesity', 'excessivehunger'], ['excessivehunger', 'increasedappetite'], ['increasedappetite', 'polyuria']]"
"fatigue, restlessness, lethargy, irregular_sugar_level, blurred_and_distorted_vision, obesity, excessive_hunger, increased_appetite, polyuria","[['fatigue', 'restlessness'], ['restlessness', 'lethargy'], ['lethargy', 'irregularsugarlevel'], ['irregularsugarlevel', 'blurredanddistortedvision'], ['blurredanddistortedvision', 'obesity'], ['obesity', 'excessivehunger'], ['excessivehunger', 'increasedappetite'], ['increasedappetite', 'polyuria']]"
"fatigue, weight_loss, lethargy, irregular_sugar_level, blurred_and_distorted_vision, obesity, excessive_hunger, increased_appetite, polyuria","[['fatigue', 'weightloss'], ['weightloss', 'lethargy'], ['lethargy', 'irregularsugarlevel'], ['irregularsugarlevel', 'blurredanddistortedvision'], ['blurredanddistortedvision', 'obesity'], ['obesity', 'excessivehunger'], ['excessivehunger', 'increasedappetite'], ['increasedappetite', 'polyuria']]"
"fatigue, weight_loss, restlessness, irregular_sugar_level, blurred_and_distorted_vision, obesity, excessive_hunger, increased_appetite, polyuria","[['fatigue', 'weightloss'], ['weightloss', 'restlessness'], ['restlessness', 'irregularsugarlevel'], ['irregularsugarlevel', 'blurredanddistortedvision'], ['blurredanddistortedvision', 'obesity'], ['obesity', 'excessivehunger'], ['excessivehunger', 'increasedappetite'], ['increasedappetite', 'polyuria']]"
"fatigue, weight_loss, restlessness, lethargy, blurred_and_distorted_vision, obesity, excessive_hunger, increased_appetite, polyuria","[['fatigue', 'weightloss'], ['weightloss', 'restlessness'], ['restlessness', 'lethargy'], ['lethargy', 'blurredanddistortedvision'], ['blurredanddistortedvision', 'obesity'], ['obesity', 'excessivehunger'], ['excessivehunger', 'increasedappetite'], ['increasedappetite', 'polyuria']]"
"fatigue, weight_loss, restlessness, lethargy, irregular_sugar_level, obesity, excessive_hunger, increased_appetite, polyuria","[['fatigue', 'weightloss'], ['weightloss', 'restlessness'], ['restlessness', 'lethargy'], ['lethargy', 'irregularsugarlevel'], ['irregularsugarlevel', 'obesity'], ['obesity', 'excessivehunger'], ['excessivehunger', 'increasedappetite'], ['increasedappetite', 'polyuria']]"
"fatigue, weight_loss, restlessness, lethargy, irregular_sugar_level, blurred_and_distorted_vision, excessive_hunger, increased_appetite, polyuria","[['fatigue', 'weightloss'], ['weightloss', 'restlessness'], ['restlessness', 'lethargy'], ['lethargy', 'irregularsugarlevel'], ['irregularsugarlevel', 'blurredanddistortedvision'], ['blurredanddistortedvision', 'excessivehunger'], ['excessivehunger', 'increasedappetite'], ['increasedappetite', 'polyuria']]"
"fatigue, weight_loss, restlessness, lethargy, irregular_sugar_level, blurred_and_distorted_vision, obesity, increased_appetite, polyuria","[['fatigue', 'weightloss'], ['weightloss', 'restlessness'], ['restlessness', 'lethargy'], ['lethargy', 'irregularsugarlevel'], ['irregularsugarlevel', 'blurredanddistortedvision'], ['blurredanddistortedvision', 'obesity'], ['obesity', 'increasedappetite'], ['increasedappetite', 'polyuria']]"
"vomiting, sunken_eyes, dehydration, diarrhoea","[['vomiting', 'sunkeneyes'], ['sunkeneyes', 'dehydration'], ['dehydration', 'diarrhoea']]"
"sunken_eyes, dehydration, diarrhoea","[['sunkeneyes', 'dehydration'], ['dehydration', 'diarrhoea']]"
"vomiting, dehydration, diarrhoea","[['vomiting', 'dehydration'], ['dehydration', 'diarrhoea']]"
"vomiting, sunken_eyes, diarrhoea","[['vomiting', 'sunkeneyes'], ['sunkeneyes', 'diarrhoea']]"
"vomiting, sunken_eyes, dehydration","[['vomiting', 'sunkeneyes'], ['sunkeneyes', 'dehydration']]"
"fatigue, cough, high_fever, breathlessness, family_history, mucoid_sputum","[['fatigue', 'cough'], ['cough', 'highfever'], ['highfever', 'breathlessness'], ['breathlessness', 'familyhistory'], ['familyhistory', 'mucoidsputum']]"
"cough, high_fever, breathlessness, family_history, mucoid_sputum","[['cough', 'highfever'], ['highfever', 'breathlessness'], ['breathlessness', 'familyhistory'], ['familyhistory', 'mucoidsputum']]"
"fatigue, high_fever, breathlessness, family_history, mucoid_sputum","[['fatigue', 'highfever'], ['highfever', 'breathlessness'], ['breathlessness', 'familyhistory'], ['familyhistory', 'mucoidsputum']]"
"fatigue, cough, breathlessness, family_history, mucoid_sputum","[['fatigue', 'cough'], ['cough', 'breathlessness'], ['breathlessness', 'familyhistory'], ['familyhistory', 'mucoidsputum']]"
"fatigue, cough, high_fever, family_history, mucoid_sputum","[['fatigue', 'cough'], ['cough', 'highfever'], ['highfever', 'familyhistory'], ['familyhistory', 'mucoidsputum']]"
"fatigue, cough, high_fever, breathlessness, mucoid_sputum","[['fatigue', 'cough'], ['cough', 'highfever'], ['highfever', 'breathlessness'], ['breathlessness', 'mucoidsputum']]"
"fatigue, cough, high_fever, breathlessness, family_history","[['fatigue', 'cough'], ['cough', 'highfever'], ['highfever', 'breathlessness'], ['breathlessness', 'familyhistory']]"
"headache, chest_pain, dizziness, loss_of_balance, lack_of_concentration","[['headache', 'chestpain'], ['chestpain', 'dizziness'], ['dizziness', 'lossofbalance'], ['lossofbalance', 'lackofconcentration']]"
"chest_pain, dizziness, loss_of_balance, lack_of_concentration","[['chestpain', 'dizziness'], ['dizziness', 'lossofbalance'], ['lossofbalance', 'lackofconcentration']]"
"headache, dizziness, loss_of_balance, lack_of_concentration","[['headache', 'dizziness'], ['dizziness', 'lossofbalance'], ['lossofbalance', 'lackofconcentration']]"
"headache, chest_pain, loss_of_balance, lack_of_concentration","[['headache', 'chestpain'], ['chestpain', 'lossofbalance'], ['lossofbalance', 'lackofconcentration']]"
"headache, chest_pain, dizziness, lack_of_concentration","[['headache', 'chestpain'], ['chestpain', 'dizziness'], ['dizziness', 'lackofconcentration']]"
"headache, chest_pain, dizziness, loss_of_balance","[['headache', 'chestpain'], ['chestpain', 'dizziness'], ['dizziness', 'lossofbalance']]"
"acidity, indigestion, headache, blurred_and_distorted_vision, excessive_hunger, stiff_neck, depression, irritability, visual_disturbances","[['acidity', 'indigestion'], ['indigestion', 'headache'], ['headache', 'blurredanddistortedvision'], ['blurredanddistortedvision', 'excessivehunger'], ['excessivehunger', 'stiffneck'], ['stiffneck', 'depression'], ['depression', 'irritability'], ['irritability', 'visualdisturbances']]"
"indigestion, headache, blurred_and_distorted_vision, excessive_hunger, stiff_neck, depression, irritability, visual_disturbances","[['indigestion', 'headache'], ['headache', 'blurredanddistortedvision'], ['blurredanddistortedvision', 'excessivehunger'], ['excessivehunger', 'stiffneck'], ['stiffneck', 'depression'], ['depression', 'irritability'], ['irritability', 'visualdisturbances']]"
"acidity, headache, blurred_and_distorted_vision, excessive_hunger, stiff_neck, depression, irritability, visual_disturbances","[['acidity', 'headache'], ['headache', 'blurredanddistortedvision'], ['blurredanddistortedvision', 'excessivehunger'], ['excessivehunger', 'stiffneck'], ['stiffneck', 'depression'], ['depression', 'irritability'], ['irritability', 'visualdisturbances']]"
"acidity, indigestion, blurred_and_distorted_vision, excessive_hunger, stiff_neck, depression, irritability, visual_disturbances","[['acidity', 'indigestion'], ['indigestion', 'blurredanddistortedvision'], ['blurredanddistortedvision', 'excessivehunger'], ['excessivehunger', 'stiffneck'], ['stiffneck', 'depression'], ['depression', 'irritability'], ['irritability', 'visualdisturbances']]"
"acidity, indigestion, headache, excessive_hunger, stiff_neck, depression, irritability, visual_disturbances","[['acidity', 'indigestion'], ['indigestion', 'headache'], ['headache', 'excessivehunger'], ['excessivehunger', 'stiffneck'], ['stiffneck', 'depression'], ['depression', 'irritability'], ['irritability', 'visualdisturbances']]"
"acidity, indigestion, headache, blurred_and_distorted_vision, stiff_neck, depression, irritability, visual_disturbances","[['acidity', 'indigestion'], ['indigestion', 'headache'], ['headache', 'blurredanddistortedvision'], ['blurredanddistortedvision', 'stiffneck'], ['stiffneck', 'depression'], ['depression', 'irritability'], ['irritability', 'visualdisturbances']]"
"acidity, indigestion, headache, blurred_and_distorted_vision, excessive_hunger, depression, irritability, visual_disturbances","[['acidity', 'indigestion'], ['indigestion', 'headache'], ['headache', 'blurredanddistortedvision'], ['blurredanddistortedvision', 'excessivehunger'], ['excessivehunger', 'depression'], ['depression', 'irritability'], ['irritability', 'visualdisturbances']]"
"acidity, indigestion, headache, blurred_and_distorted_vision, excessive_hunger, stiff_neck, irritability, visual_disturbances","[['acidity', 'indigestion'], ['indigestion', 'headache'], ['headache', 'blurredanddistortedvision'], ['blurredanddistortedvision', 'excessivehunger'], ['excessivehunger', 'stiffneck'], ['stiffneck', 'irritability'], ['irritability', 'visualdisturbances']]"
"acidity, indigestion, headache, blurred_and_distorted_vision, excessive_hunger, stiff_neck, depression, visual_disturbances","[['acidity', 'indigestion'], ['indigestion', 'headache'], ['headache', 'blurredanddistortedvision'], ['blurredanddistortedvision', 'excessivehunger'], ['excessivehunger', 'stiffneck'], ['stiffneck', 'depression'], ['depression', 'visualdisturbances']]"
"acidity, indigestion, headache, blurred_and_distorted_vision, excessive_hunger, stiff_neck, depression, irritability","[['acidity', 'indigestion'], ['indigestion', 'headache'], ['headache', 'blurredanddistortedvision'], ['blurredanddistortedvision', 'excessivehunger'], ['excessivehunger', 'stiffneck'], ['stiffneck', 'depression'], ['depression', 'irritability']]"
"back_pain, weakness_in_limbs, neck_pain, dizziness, loss_of_balance","[['backpain', 'weaknessinlimbs'], ['weaknessinlimbs', 'neckpain'], ['neckpain', 'dizziness'], ['dizziness', 'lossofbalance']]"
"weakness_in_limbs, neck_pain, dizziness, loss_of_balance","[['weaknessinlimbs', 'neckpain'], ['neckpain', 'dizziness'], ['dizziness', 'lossofbalance']]"
"back_pain, neck_pain, dizziness, loss_of_balance","[['backpain', 'neckpain'], ['neckpain', 'dizziness'], ['dizziness', 'lossofbalance']]"
"back_pain, weakness_in_limbs, dizziness, loss_of_balance","[['backpain', 'weaknessinlimbs'], ['weaknessinlimbs', 'dizziness'], ['dizziness', 'lossofbalance']]"
"back_pain, weakness_in_limbs, neck_pain, loss_of_balance","[['backpain', 'weaknessinlimbs'], ['weaknessinlimbs', 'neckpain'], ['neckpain', 'lossofbalance']]"
"back_pain, weakness_in_limbs, neck_pain, dizziness","[['backpain', 'weaknessinlimbs'], ['weaknessinlimbs', 'neckpain'], ['neckpain', 'dizziness']]"
"vomiting, headache, weakness_of_one_body_side, altered_sensorium","[['vomiting', 'headache'], ['headache', 'weaknessofonebodyside'], ['weaknessofonebodyside', 'alteredsensorium']]"
"headache, weakness_of_one_body_side, altered_sensorium","[['headache', 'weaknessofonebodyside'], ['weaknessofonebodyside', 'alteredsensorium']]"
"vomiting, weakness_of_one_body_side, altered_sensorium","[['vomiting', 'weaknessofonebodyside'], ['weaknessofonebodyside', 'alteredsensorium']]"
"vomiting, headache, altered_sensorium","[['vomiting', 'headache'], ['headache', 'alteredsensorium']]"
"vomiting, headache, weakness_of_one_body_side","[['vomiting', 'headache'], ['headache', 'weaknessofonebodyside']]"
"itching, vomiting, fatigue, weight_loss, high_fever, yellowish_skin, dark_urine, abdominal_pain","[['itching', 'vomiting'], ['vomiting', 'fatigue'], ['fatigue', 'weightloss'], ['weightloss', 'highfever'], ['highfever', 'yellowishskin'], ['yellowishskin', 'darkurine'], ['darkurine', 'abdominalpain']]"
"vomiting, fatigue, weight_loss, high_fever, yellowish_skin, dark_urine, abdominal_pain","[['vomiting', 'fatigue'], ['fatigue', 'weightloss'], ['weightloss', 'highfever'], ['highfever', 'yellowishskin'], ['yellowishskin', 'darkurine'], ['darkurine', 'abdominalpain']]"
"itching, fatigue, weight_loss, high_fever, yellowish_skin, dark_urine, abdominal_pain","[['itching', 'fatigue'], ['fatigue', 'weightloss'], ['weightloss', 'highfever'], ['highfever', 'yellowishskin'], ['yellowishskin', 'darkurine'], ['darkurine', 'abdominalpain']]"
"itching, vomiting, weight_loss, high_fever, yellowish_skin, dark_urine, abdominal_pain","[['itching', 'vomiting'], ['vomiting', 'weightloss'], ['weightloss', 'highfever'], ['highfever', 'yellowishskin'], ['yellowishskin', 'darkurine'], ['darkurine', 'abdominalpain']]"
"itching, vomiting, fatigue, high_fever, yellowish_skin, dark_urine, abdominal_pain","[['itching', 'vomiting'], ['vomiting', 'fatigue'], ['fatigue', 'highfever'], ['highfever', 'yellowishskin'], ['yellowishskin', 'darkurine'], ['darkurine', 'abdominalpain']]"
"itching, vomiting, fatigue, weight_loss, yellowish_skin, dark_urine, abdominal_pain","[['itching', 'vomiting'], ['vomiting', 'fatigue'], ['fatigue', 'weightloss'], ['weightloss', 'yellowishskin'], ['yellowishskin', 'darkurine'], ['darkurine', 'abdominalpain']]"
"itching, vomiting, fatigue, weight_loss, high_fever, dark_urine, abdominal_pain","[['itching', 'vomiting'], ['vomiting', 'fatigue'], ['fatigue', 'weightloss'], ['weightloss', 'highfever'], ['highfever', 'darkurine'], ['darkurine', 'abdominalpain']]"
"itching, vomiting, fatigue, weight_loss, high_fever, yellowish_skin, abdominal_pain","[['itching', 'vomiting'], ['vomiting', 'fatigue'], ['fatigue', 'weightloss'], ['weightloss', 'highfever'], ['highfever', 'yellowishskin'], ['yellowishskin', 'abdominalpain']]"
"itching, vomiting, fatigue, weight_loss, high_fever, yellowish_skin, dark_urine","[['itching', 'vomiting'], ['vomiting', 'fatigue'], ['fatigue', 'weightloss'], ['weightloss', 'highfever'], ['highfever', 'yellowishskin'], ['yellowishskin', 'darkurine']]"
"chills, vomiting, high_fever, sweating, headache, nausea, muscle_pain","[['chills', 'vomiting'], ['vomiting', 'highfever'], ['highfever', 'sweating'], ['sweating', 'headache'], ['headache', 'nausea'], ['nausea', 'musclepain']]"
"chills, vomiting, high_fever, sweating, headache, nausea, diarrhoea, muscle_pain","[['chills', 'vomiting'], ['vomiting', 'highfever'], ['highfever', 'sweating'], ['sweating', 'headache'], ['headache', 'nausea'], ['nausea', 'diarrhoea'], ['diarrhoea', 'musclepain']]"
"vomiting, high_fever, sweating, headache, nausea, diarrhoea, muscle_pain","[['vomiting', 'highfever'], ['highfever', 'sweating'], ['sweating', 'headache'], ['headache', 'nausea'], ['nausea', 'diarrhoea'], ['diarrhoea', 'musclepain']]"
"chills, high_fever, sweating, headache, nausea, diarrhoea, muscle_pain","[['chills', 'highfever'], ['highfever', 'sweating'], ['sweating', 'headache'], ['headache', 'nausea'], ['nausea', 'diarrhoea'], ['diarrhoea', 'musclepain']]"
"chills, vomiting, sweating, headache, nausea, diarrhoea, muscle_pain","[['chills', 'vomiting'], ['vomiting', 'sweating'], ['sweating', 'headache'], ['headache', 'nausea'], ['nausea', 'diarrhoea'], ['diarrhoea', 'musclepain']]"
"chills, vomiting, high_fever, headache, nausea, diarrhoea, muscle_pain","[['chills', 'vomiting'], ['vomiting', 'highfever'], ['highfever', 'headache'], ['headache', 'nausea'], ['nausea', 'diarrhoea'], ['diarrhoea', 'musclepain']]"
"chills, vomiting, high_fever, sweating, nausea, diarrhoea, muscle_pain","[['chills', 'vomiting'], ['vomiting', 'highfever'], ['highfever', 'sweating'], ['sweating', 'nausea'], ['nausea', 'diarrhoea'], ['diarrhoea', 'musclepain']]"
"chills, vomiting, high_fever, sweating, headache, diarrhoea, muscle_pain","[['chills', 'vomiting'], ['vomiting', 'highfever'], ['highfever', 'sweating'], ['sweating', 'headache'], ['headache', 'diarrhoea'], ['diarrhoea', 'musclepain']]"
"itching, skin_rash, fatigue, lethargy, high_fever, headache, loss_of_appetite, mild_fever, swelled_lymph_nodes, malaise, red_spots_over_body","[['itching', 'skinrash'], ['skinrash', 'fatigue'], ['fatigue', 'lethargy'], ['lethargy', 'highfever'], ['highfever', 'headache'], ['headache', 'lossofappetite'], ['lossofappetite', 'mildfever'], ['mildfever', 'swelledlymphnodes'], ['swelledlymphnodes', 'malaise'], ['malaise', 'redspotsoverbody']]"
"skin_rash, fatigue, lethargy, high_fever, headache, loss_of_appetite, mild_fever, swelled_lymph_nodes, malaise, red_spots_over_body","[['skinrash', 'fatigue'], ['fatigue', 'lethargy'], ['lethargy', 'highfever'], ['highfever', 'headache'], ['headache', 'lossofappetite'], ['lossofappetite', 'mildfever'], ['mildfever', 'swelledlymphnodes'], ['swelledlymphnodes', 'malaise'], ['malaise', 'redspotsoverbody']]"
"itching, fatigue, lethargy, high_fever, headache, loss_of_appetite, mild_fever, swelled_lymph_nodes, malaise, red_spots_over_body","[['itching', 'fatigue'], ['fatigue', 'lethargy'], ['lethargy', 'highfever'], ['highfever', 'headache'], ['headache', 'lossofappetite'], ['lossofappetite', 'mildfever'], ['mildfever', 'swelledlymphnodes'], ['swelledlymphnodes', 'malaise'], ['malaise', 'redspotsoverbody']]"
"itching, skin_rash, lethargy, high_fever, headache, loss_of_appetite, mild_fever, swelled_lymph_nodes, malaise, red_spots_over_body","[['itching', 'skinrash'], ['skinrash', 'lethargy'], ['lethargy', 'highfever'], ['highfever', 'headache'], ['headache', 'lossofappetite'], ['lossofappetite', 'mildfever'], ['mildfever', 'swelledlymphnodes'], ['swelledlymphnodes', 'malaise'], ['malaise', 'redspotsoverbody']]"
"itching, skin_rash, fatigue, high_fever, headache, loss_of_appetite, mild_fever, swelled_lymph_nodes, malaise, red_spots_over_body","[['itching', 'skinrash'], ['skinrash', 'fatigue'], ['fatigue', 'highfever'], ['highfever', 'headache'], ['headache', 'lossofappetite'], ['lossofappetite', 'mildfever'], ['mildfever', 'swelledlymphnodes'], ['swelledlymphnodes', 'malaise'], ['malaise', 'redspotsoverbody']]"
"itching, skin_rash, fatigue, lethargy, headache, loss_of_appetite, mild_fever, swelled_lymph_nodes, malaise, red_spots_over_body","[['itching', 'skinrash'], ['skinrash', 'fatigue'], ['fatigue', 'lethargy'], ['lethargy', 'headache'], ['headache', 'lossofappetite'], ['lossofappetite', 'mildfever'], ['mildfever', 'swelledlymphnodes'], ['swelledlymphnodes', 'malaise'], ['malaise', 'redspotsoverbody']]"
"itching, skin_rash, fatigue, lethargy, high_fever, loss_of_appetite, mild_fever, swelled_lymph_nodes, malaise, red_spots_over_body","[['itching', 'skinrash'], ['skinrash', 'fatigue'], ['fatigue', 'lethargy'], ['lethargy', 'highfever'], ['highfever', 'lossofappetite'], ['lossofappetite', 'mildfever'], ['mildfever', 'swelledlymphnodes'], ['swelledlymphnodes', 'malaise'], ['malaise', 'redspotsoverbody']]"
"itching, skin_rash, fatigue, lethargy, high_fever, headache, mild_fever, swelled_lymph_nodes, malaise, red_spots_over_body","[['itching', 'skinrash'], ['skinrash', 'fatigue'], ['fatigue', 'lethargy'], ['lethargy', 'highfever'], ['highfever', 'headache'], ['headache', 'mildfever'], ['mildfever', 'swelledlymphnodes'], ['swelledlymphnodes', 'malaise'], ['malaise', 'redspotsoverbody']]"
"itching, skin_rash, fatigue, lethargy, high_fever, headache, loss_of_appetite, swelled_lymph_nodes, malaise, red_spots_over_body","[['itching', 'skinrash'], ['skinrash', 'fatigue'], ['fatigue', 'lethargy'], ['lethargy', 'highfever'], ['highfever', 'headache'], ['headache', 'lossofappetite'], ['lossofappetite', 'swelledlymphnodes'], ['swelledlymphnodes', 'malaise'], ['malaise', 'redspotsoverbody']]"
"itching, skin_rash, fatigue, lethargy, high_fever, headache, loss_of_appetite, mild_fever, malaise, red_spots_over_body","[['itching', 'skinrash'], ['skinrash', 'fatigue'], ['fatigue', 'lethargy'], ['lethargy', 'highfever'], ['highfever', 'headache'], ['headache', 'lossofappetite'], ['lossofappetite', 'mildfever'], ['mildfever', 'malaise'], ['malaise', 'redspotsoverbody']]"
"skin_rash, chills, joint_pain, vomiting, fatigue, high_fever, headache, nausea, loss_of_appetite, pain_behind_the_eyes, back_pain, muscle_pain, red_spots_over_body","[['skinrash', 'chills'], ['chills', 'jointpain'], ['jointpain', 'vomiting'], ['vomiting', 'fatigue'], ['fatigue', 'highfever'], ['highfever', 'headache'], ['headache', 'nausea'], ['nausea', 'lossofappetite'], ['lossofappetite', 'painbehindtheeyes'], ['painbehindtheeyes', 'backpain'], ['backpain', 'musclepain'], ['musclepain', 'redspotsoverbody']]"
"skin_rash, chills, joint_pain, vomiting, fatigue, high_fever, headache, nausea, loss_of_appetite, pain_behind_the_eyes, back_pain, malaise, red_spots_over_body","[['skinrash', 'chills'], ['chills', 'jointpain'], ['jointpain', 'vomiting'], ['vomiting', 'fatigue'], ['fatigue', 'highfever'], ['highfever', 'headache'], ['headache', 'nausea'], ['nausea', 'lossofappetite'], ['lossofappetite', 'painbehindtheeyes'], ['painbehindtheeyes', 'backpain'], ['backpain', 'malaise'], ['malaise', 'redspotsoverbody']]"
"skin_rash, chills, joint_pain, vomiting, fatigue, high_fever, headache, nausea, loss_of_appetite, pain_behind_the_eyes, back_pain, malaise, muscle_pain","[['skinrash', 'chills'], ['chills', 'jointpain'], ['jointpain', 'vomiting'], ['vomiting', 'fatigue'], ['fatigue', 'highfever'], ['highfever', 'headache'], ['headache', 'nausea'], ['nausea', 'lossofappetite'], ['lossofappetite', 'painbehindtheeyes'], ['painbehindtheeyes', 'backpain'], ['backpain', 'malaise'], ['malaise', 'musclepain']]"
"skin_rash, chills, joint_pain, vomiting, fatigue, high_fever, headache, nausea, loss_of_appetite, pain_behind_the_eyes, back_pain, malaise, muscle_pain, red_spots_over_body","[['skinrash', 'chills'], ['chills', 'jointpain'], ['jointpain', 'vomiting'], ['vomiting', 'fatigue'], ['fatigue', 'highfever'], ['highfever', 'headache'], ['headache', 'nausea'], ['nausea', 'lossofappetite'], ['lossofappetite', 'painbehindtheeyes'], ['painbehindtheeyes', 'backpain'], ['backpain', 'malaise'], ['malaise', 'musclepain'], ['musclepain', 'redspotsoverbody']]"
"chills, joint_pain, vomiting, fatigue, high_fever, headache, nausea, loss_of_appetite, pain_behind_the_eyes, back_pain, malaise, muscle_pain, red_spots_over_body","[['chills', 'jointpain'], ['jointpain', 'vomiting'], ['vomiting', 'fatigue'], ['fatigue', 'highfever'], ['highfever', 'headache'], ['headache', 'nausea'], ['nausea', 'lossofappetite'], ['lossofappetite', 'painbehindtheeyes'], ['painbehindtheeyes', 'backpain'], ['backpain', 'malaise'], ['malaise', 'musclepain'], ['musclepain', 'redspotsoverbody']]"
"skin_rash, joint_pain, vomiting, fatigue, high_fever, headache, nausea, loss_of_appetite, pain_behind_the_eyes, back_pain, malaise, muscle_pain, red_spots_over_body","[['skinrash', 'jointpain'], ['jointpain', 'vomiting'], ['vomiting', 'fatigue'], ['fatigue', 'highfever'], ['highfever', 'headache'], ['headache', 'nausea'], ['nausea', 'lossofappetite'], ['lossofappetite', 'painbehindtheeyes'], ['painbehindtheeyes', 'backpain'], ['backpain', 'malaise'], ['malaise', 'musclepain'], ['musclepain', 'redspotsoverbody']]"
"skin_rash, chills, vomiting, fatigue, high_fever, headache, nausea, loss_of_appetite, pain_behind_the_eyes, back_pain, malaise, muscle_pain, red_spots_over_body","[['skinrash', 'chills'], ['chills', 'vomiting'], ['vomiting', 'fatigue'], ['fatigue', 'highfever'], ['highfever', 'headache'], ['headache', 'nausea'], ['nausea', 'lossofappetite'], ['lossofappetite', 'painbehindtheeyes'], ['painbehindtheeyes', 'backpain'], ['backpain', 'malaise'], ['malaise', 'musclepain'], ['musclepain', 'redspotsoverbody']]"
"skin_rash, chills, joint_pain, fatigue, high_fever, headache, nausea, loss_of_appetite, pain_behind_the_eyes, back_pain, malaise, muscle_pain, red_spots_over_body","[['skinrash', 'chills'], ['chills', 'jointpain'], ['jointpain', 'fatigue'], ['fatigue', 'highfever'], ['highfever', 'headache'], ['headache', 'nausea'], ['nausea', 'lossofappetite'], ['lossofappetite', 'painbehindtheeyes'], ['painbehindtheeyes', 'backpain'], ['backpain', 'malaise'], ['malaise', 'musclepain'], ['musclepain', 'redspotsoverbody']]"
"skin_rash, chills, joint_pain, vomiting, high_fever, headache, nausea, loss_of_appetite, pain_behind_the_eyes, back_pain, malaise, muscle_pain, red_spots_over_body","[['skinrash', 'chills'], ['chills', 'jointpain'], ['jointpain', 'vomiting'], ['vomiting', 'highfever'], ['highfever', 'headache'], ['headache', 'nausea'], ['nausea', 'lossofappetite'], ['lossofappetite', 'painbehindtheeyes'], ['painbehindtheeyes', 'backpain'], ['backpain', 'malaise'], ['malaise', 'musclepain'], ['musclepain', 'redspotsoverbody']]"
"skin_rash, chills, joint_pain, vomiting, fatigue, headache, nausea, loss_of_appetite, pain_behind_the_eyes, back_pain, malaise, muscle_pain, red_spots_over_body","[['skinrash', 'chills'], ['chills', 'jointpain'], ['jointpain', 'vomiting'], ['vomiting', 'fatigue'], ['fatigue', 'headache'], ['headache', 'nausea'], ['nausea', 'lossofappetite'], ['lossofappetite', 'painbehindtheeyes'], ['painbehindtheeyes', 'backpain'], ['backpain', 'malaise'], ['malaise', 'musclepain'], ['musclepain', 'redspotsoverbody']]"
"chills, vomiting, fatigue, high_fever, nausea, constipation, abdominal_pain, diarrhoea, toxic_look_(typhos), belly_pain","[['chills', 'vomiting'], ['vomiting', 'fatigue'], ['fatigue', 'highfever'], ['highfever', 'nausea'], ['nausea', 'constipation'], ['constipation', 'abdominalpain'], ['abdominalpain', 'diarrhoea'], ['diarrhoea', 'toxiclooktyphos'], ['toxiclooktyphos', 'bellypain']]"
"chills, vomiting, fatigue, high_fever, headache, constipation, abdominal_pain, diarrhoea, toxic_look_(typhos), belly_pain","[['chills', 'vomiting'], ['vomiting', 'fatigue'], ['fatigue', 'highfever'], ['highfever', 'headache'], ['headache', 'constipation'], ['constipation', 'abdominalpain'], ['abdominalpain', 'diarrhoea'], ['diarrhoea', 'toxiclooktyphos'], ['toxiclooktyphos', 'bellypain']]"
"chills, vomiting, fatigue, high_fever, headache, nausea, abdominal_pain, diarrhoea, toxic_look_(typhos), belly_pain","[['chills', 'vomiting'], ['vomiting', 'fatigue'], ['fatigue', 'highfever'], ['highfever', 'headache'], ['headache', 'nausea'], ['nausea', 'abdominalpain'], ['abdominalpain', 'diarrhoea'], ['diarrhoea', 'toxiclooktyphos'], ['toxiclooktyphos', 'bellypain']]"
"chills, vomiting, fatigue, high_fever, headache, nausea, constipation, diarrhoea, toxic_look_(typhos), belly_pain","[['chills', 'vomiting'], ['vomiting', 'fatigue'], ['fatigue', 'highfever'], ['highfever', 'headache'], ['headache', 'nausea'], ['nausea', 'constipation'], ['constipation', 'diarrhoea'], ['diarrhoea', 'toxiclooktyphos'], ['toxiclooktyphos', 'bellypain']]"
"chills, vomiting, fatigue, high_fever, headache, nausea, constipation, abdominal_pain, toxic_look_(typhos), belly_pain","[['chills', 'vomiting'], ['vomiting', 'fatigue'], ['fatigue', 'highfever'], ['highfever', 'headache'], ['headache', 'nausea'], ['nausea', 'constipation'], ['constipation', 'abdominalpain'], ['abdominalpain', 'toxiclooktyphos'], ['toxiclooktyphos', 'bellypain']]"
"chills, vomiting, fatigue, high_fever, headache, nausea, constipation, abdominal_pain, diarrhoea, belly_pain","[['chills', 'vomiting'], ['vomiting', 'fatigue'], ['fatigue', 'highfever'], ['highfever', 'headache'], ['headache', 'nausea'], ['nausea', 'constipation'], ['constipation', 'abdominalpain'], ['abdominalpain', 'diarrhoea'], ['diarrhoea', 'bellypain']]"
"chills, vomiting, fatigue, high_fever, headache, nausea, constipation, abdominal_pain, diarrhoea, toxic_look_(typhos)","[['chills', 'vomiting'], ['vomiting', 'fatigue'], ['fatigue', 'highfever'], ['highfever', 'headache'], ['headache', 'nausea'], ['nausea', 'constipation'], ['constipation', 'abdominalpain'], ['abdominalpain', 'diarrhoea'], ['diarrhoea', 'toxiclooktyphos']]"
"chills, vomiting, fatigue, high_fever, headache, nausea, constipation, abdominal_pain, diarrhoea, toxic_look_(typhos), belly_pain","[['chills', 'vomiting'], ['vomiting', 'fatigue'], ['fatigue', 'highfever'], ['highfever', 'headache'], ['headache', 'nausea'], ['nausea', 'constipation'], ['constipation', 'abdominalpain'], ['abdominalpain', 'diarrhoea'], ['diarrhoea', 'toxiclooktyphos'], ['toxiclooktyphos', 'bellypain']]"
"chills, fatigue, high_fever, headache, nausea, constipation, abdominal_pain, diarrhoea, toxic_look_(typhos), belly_pain","[['chills', 'fatigue'], ['fatigue', 'highfever'], ['highfever', 'headache'], ['headache', 'nausea'], ['nausea', 'constipation'], ['constipation', 'abdominalpain'], ['abdominalpain', 'diarrhoea'], ['diarrhoea', 'toxiclooktyphos'], ['toxiclooktyphos', 'bellypain']]"
"joint_pain, vomiting, yellowish_skin, dark_urine, nausea, loss_of_appetite, abdominal_pain, diarrhoea, mild_fever, yellowing_of_eyes, muscle_pain","[['jointpain', 'vomiting'], ['vomiting', 'yellowishskin'], ['yellowishskin', 'darkurine'], ['darkurine', 'nausea'], ['nausea', 'lossofappetite'], ['lossofappetite', 'abdominalpain'], ['abdominalpain', 'diarrhoea'], ['diarrhoea', 'mildfever'], ['mildfever', 'yellowingofeyes'], ['yellowingofeyes', 'musclepain']]"
"vomiting, yellowish_skin, dark_urine, nausea, loss_of_appetite, abdominal_pain, diarrhoea, mild_fever, yellowing_of_eyes, muscle_pain","[['vomiting', 'yellowishskin'], ['yellowishskin', 'darkurine'], ['darkurine', 'nausea'], ['nausea', 'lossofappetite'], ['lossofappetite', 'abdominalpain'], ['abdominalpain', 'diarrhoea'], ['diarrhoea', 'mildfever'], ['mildfever', 'yellowingofeyes'], ['yellowingofeyes', 'musclepain']]"
"joint_pain, yellowish_skin, dark_urine, nausea, loss_of_appetite, abdominal_pain, diarrhoea, mild_fever, yellowing_of_eyes, muscle_pain","[['jointpain', 'yellowishskin'], ['yellowishskin', 'darkurine'], ['darkurine', 'nausea'], ['nausea', 'lossofappetite'], ['lossofappetite', 'abdominalpain'], ['abdominalpain', 'diarrhoea'], ['diarrhoea', 'mildfever'], ['mildfever', 'yellowingofeyes'], ['yellowingofeyes', 'musclepain']]"
"joint_pain, vomiting, dark_urine, nausea, loss_of_appetite, abdominal_pain, diarrhoea, mild_fever, yellowing_of_eyes, muscle_pain","[['jointpain', 'vomiting'], ['vomiting', 'darkurine'], ['darkurine', 'nausea'], ['nausea', 'lossofappetite'], ['lossofappetite', 'abdominalpain'], ['abdominalpain', 'diarrhoea'], ['diarrhoea', 'mildfever'], ['mildfever', 'yellowingofeyes'], ['yellowingofeyes', 'musclepain']]"
"joint_pain, vomiting, yellowish_skin, nausea, loss_of_appetite, abdominal_pain, diarrhoea, mild_fever, yellowing_of_eyes, muscle_pain","[['jointpain', 'vomiting'], ['vomiting', 'yellowishskin'], ['yellowishskin', 'nausea'], ['nausea', 'lossofappetite'], ['lossofappetite', 'abdominalpain'], ['abdominalpain', 'diarrhoea'], ['diarrhoea', 'mildfever'], ['mildfever', 'yellowingofeyes'], ['yellowingofeyes', 'musclepain']]"
"joint_pain, vomiting, yellowish_skin, dark_urine, loss_of_appetite, abdominal_pain, diarrhoea, mild_fever, yellowing_of_eyes, muscle_pain","[['jointpain', 'vomiting'], ['vomiting', 'yellowishskin'], ['yellowishskin', 'darkurine'], ['darkurine', 'lossofappetite'], ['lossofappetite', 'abdominalpain'], ['abdominalpain', 'diarrhoea'], ['diarrhoea', 'mildfever'], ['mildfever', 'yellowingofeyes'], ['yellowingofeyes', 'musclepain']]"
"joint_pain, vomiting, yellowish_skin, dark_urine, nausea, abdominal_pain, diarrhoea, mild_fever, yellowing_of_eyes, muscle_pain","[['jointpain', 'vomiting'], ['vomiting', 'yellowishskin'], ['yellowishskin', 'darkurine'], ['darkurine', 'nausea'], ['nausea', 'abdominalpain'], ['abdominalpain', 'diarrhoea'], ['diarrhoea', 'mildfever'], ['mildfever', 'yellowingofeyes'], ['yellowingofeyes', 'musclepain']]"
"joint_pain, vomiting, yellowish_skin, dark_urine, nausea, loss_of_appetite, diarrhoea, mild_fever, yellowing_of_eyes, muscle_pain","[['jointpain', 'vomiting'], ['vomiting', 'yellowishskin'], ['yellowishskin', 'darkurine'], ['darkurine', 'nausea'], ['nausea', 'lossofappetite'], ['lossofappetite', 'diarrhoea'], ['diarrhoea', 'mildfever'], ['mildfever', 'yellowingofeyes'], ['yellowingofeyes', 'musclepain']]"
"joint_pain, vomiting, yellowish_skin, dark_urine, nausea, loss_of_appetite, abdominal_pain, mild_fever, yellowing_of_eyes, muscle_pain","[['jointpain', 'vomiting'], ['vomiting', 'yellowishskin'], ['yellowishskin', 'darkurine'], ['darkurine', 'nausea'], ['nausea', 'lossofappetite'], ['lossofappetite', 'abdominalpain'], ['abdominalpain', 'mildfever'], ['mildfever', 'yellowingofeyes'], ['yellowingofeyes', 'musclepain']]"
"itching, fatigue, lethargy, yellowish_skin, dark_urine, loss_of_appetite, abdominal_pain, yellow_urine, yellowing_of_eyes, malaise, receiving_blood_transfusion, receiving_unsterile_injections","[['itching', 'fatigue'], ['fatigue', 'lethargy'], ['lethargy', 'yellowishskin'], ['yellowishskin', 'darkurine'], ['darkurine', 'lossofappetite'], ['lossofappetite', 'abdominalpain'], ['abdominalpain', 'yellowurine'], ['yellowurine', 'yellowingofeyes'], ['yellowingofeyes', 'malaise'], ['malaise', 'receivingbloodtransfusion'], ['receivingbloodtransfusion', 'receivingunsterileinjections']]"
"fatigue, lethargy, yellowish_skin, dark_urine, loss_of_appetite, abdominal_pain, yellow_urine, yellowing_of_eyes, malaise, receiving_blood_transfusion, receiving_unsterile_injections","[['fatigue', 'lethargy'], ['lethargy', 'yellowishskin'], ['yellowishskin', 'darkurine'], ['darkurine', 'lossofappetite'], ['lossofappetite', 'abdominalpain'], ['abdominalpain', 'yellowurine'], ['yellowurine', 'yellowingofeyes'], ['yellowingofeyes', 'malaise'], ['malaise', 'receivingbloodtransfusion'], ['receivingbloodtransfusion', 'receivingunsterileinjections']]"
"itching, lethargy, yellowish_skin, dark_urine, loss_of_appetite, abdominal_pain, yellow_urine, yellowing_of_eyes, malaise, receiving_blood_transfusion, receiving_unsterile_injections","[['itching', 'lethargy'], ['lethargy', 'yellowishskin'], ['yellowishskin', 'darkurine'], ['darkurine', 'lossofappetite'], ['lossofappetite', 'abdominalpain'], ['abdominalpain', 'yellowurine'], ['yellowurine', 'yellowingofeyes'], ['yellowingofeyes', 'malaise'], ['malaise', 'receivingbloodtransfusion'], ['receivingbloodtransfusion', 'receivingunsterileinjections']]"
"itching, fatigue, yellowish_skin, dark_urine, loss_of_appetite, abdominal_pain, yellow_urine, yellowing_of_eyes, malaise, receiving_blood_transfusion, receiving_unsterile_injections","[['itching', 'fatigue'], ['fatigue', 'yellowishskin'], ['yellowishskin', 'darkurine'], ['darkurine', 'lossofappetite'], ['lossofappetite', 'abdominalpain'], ['abdominalpain', 'yellowurine'], ['yellowurine', 'yellowingofeyes'], ['yellowingofeyes', 'malaise'], ['malaise', 'receivingbloodtransfusion'], ['receivingbloodtransfusion', 'receivingunsterileinjections']]"
"itching, fatigue, lethargy, dark_urine, loss_of_appetite, abdominal_pain, yellow_urine, yellowing_of_eyes, malaise, receiving_blood_transfusion, receiving_unsterile_injections","[['itching', 'fatigue'], ['fatigue', 'lethargy'], ['lethargy', 'darkurine'], ['darkurine', 'lossofappetite'], ['lossofappetite', 'abdominalpain'], ['abdominalpain', 'yellowurine'], ['yellowurine', 'yellowingofeyes'], ['yellowingofeyes', 'malaise'], ['malaise', 'receivingbloodtransfusion'], ['receivingbloodtransfusion', 'receivingunsterileinjections']]"
"itching, fatigue, lethargy, yellowish_skin, loss_of_appetite, abdominal_pain, yellow_urine, yellowing_of_eyes, malaise, receiving_blood_transfusion, receiving_unsterile_injections","[['itching', 'fatigue'], ['fatigue', 'lethargy'], ['lethargy', 'yellowishskin'], ['yellowishskin', 'lossofappetite'], ['lossofappetite', 'abdominalpain'], ['abdominalpain', 'yellowurine'], ['yellowurine', 'yellowingofeyes'], ['yellowingofeyes', 'malaise'], ['malaise', 'receivingbloodtransfusion'], ['receivingbloodtransfusion', 'receivingunsterileinjections']]"
"itching, fatigue, lethargy, yellowish_skin, dark_urine, abdominal_pain, yellow_urine, yellowing_of_eyes, malaise, receiving_blood_transfusion, receiving_unsterile_injections","[['itching', 'fatigue'], ['fatigue', 'lethargy'], ['lethargy', 'yellowishskin'], ['yellowishskin', 'darkurine'], ['darkurine', 'abdominalpain'], ['abdominalpain', 'yellowurine'], ['yellowurine', 'yellowingofeyes'], ['yellowingofeyes', 'malaise'], ['malaise', 'receivingbloodtransfusion'], ['receivingbloodtransfusion', 'receivingunsterileinjections']]"
"itching, fatigue, lethargy, yellowish_skin, dark_urine, loss_of_appetite, yellow_urine, yellowing_of_eyes, malaise, receiving_blood_transfusion, receiving_unsterile_injections","[['itching', 'fatigue'], ['fatigue', 'lethargy'], ['lethargy', 'yellowishskin'], ['yellowishskin', 'darkurine'], ['darkurine', 'lossofappetite'], ['lossofappetite', 'yellowurine'], ['yellowurine', 'yellowingofeyes'], ['yellowingofeyes', 'malaise'], ['malaise', 'receivingbloodtransfusion'], ['receivingbloodtransfusion', 'receivingunsterileinjections']]"
"itching, fatigue, lethargy, yellowish_skin, dark_urine, loss_of_appetite, abdominal_pain, yellowing_of_eyes, malaise, receiving_blood_transfusion, receiving_unsterile_injections","[['itching', 'fatigue'], ['fatigue', 'lethargy'], ['lethargy', 'yellowishskin'], ['yellowishskin', 'darkurine'], ['darkurine', 'lossofappetite'], ['lossofappetite', 'abdominalpain'], ['abdominalpain', 'yellowingofeyes'], ['yellowingofeyes', 'malaise'], ['malaise', 'receivingbloodtransfusion'], ['receivingbloodtransfusion', 'receivingunsterileinjections']]"
"fatigue, yellowish_skin, nausea, loss_of_appetite, family_history","[['fatigue', 'yellowishskin'], ['yellowishskin', 'nausea'], ['nausea', 'lossofappetite'], ['lossofappetite', 'familyhistory']]"
"fatigue, yellowish_skin, nausea, loss_of_appetite, yellowing_of_eyes, family_history","[['fatigue', 'yellowishskin'], ['yellowishskin', 'nausea'], ['nausea', 'lossofappetite'], ['lossofappetite', 'yellowingofeyes'], ['yellowingofeyes', 'familyhistory']]"
"yellowish_skin, nausea, loss_of_appetite, yellowing_of_eyes, family_history","[['yellowishskin', 'nausea'], ['nausea', 'lossofappetite'], ['lossofappetite', 'yellowingofeyes'], ['yellowingofeyes', 'familyhistory']]"
"fatigue, nausea, loss_of_appetite, yellowing_of_eyes, family_history","[['fatigue', 'nausea'], ['nausea', 'lossofappetite'], ['lossofappetite', 'yellowingofeyes'], ['yellowingofeyes', 'familyhistory']]"
"fatigue, yellowish_skin, loss_of_appetite, yellowing_of_eyes, family_history","[['fatigue', 'yellowishskin'], ['yellowishskin', 'lossofappetite'], ['lossofappetite', 'yellowingofeyes'], ['yellowingofeyes', 'familyhistory']]"
"fatigue, yellowish_skin, nausea, yellowing_of_eyes, family_history","[['fatigue', 'yellowishskin'], ['yellowishskin', 'nausea'], ['nausea', 'yellowingofeyes'], ['yellowingofeyes', 'familyhistory']]"
"fatigue, yellowish_skin, nausea, loss_of_appetite, yellowing_of_eyes","[['fatigue', 'yellowishskin'], ['yellowishskin', 'nausea'], ['nausea', 'lossofappetite'], ['lossofappetite', 'yellowingofeyes']]"
"joint_pain, vomiting, fatigue, yellowish_skin, dark_urine, nausea, loss_of_appetite, abdominal_pain, yellowing_of_eyes","[['jointpain', 'vomiting'], ['vomiting', 'fatigue'], ['fatigue', 'yellowishskin'], ['yellowishskin', 'darkurine'], ['darkurine', 'nausea'], ['nausea', 'lossofappetite'], ['lossofappetite', 'abdominalpain'], ['abdominalpain', 'yellowingofeyes']]"
"vomiting, fatigue, yellowish_skin, dark_urine, nausea, loss_of_appetite, abdominal_pain, yellowing_of_eyes","[['vomiting', 'fatigue'], ['fatigue', 'yellowishskin'], ['yellowishskin', 'darkurine'], ['darkurine', 'nausea'], ['nausea', 'lossofappetite'], ['lossofappetite', 'abdominalpain'], ['abdominalpain', 'yellowingofeyes']]"
"joint_pain, fatigue, yellowish_skin, dark_urine, nausea, loss_of_appetite, abdominal_pain, yellowing_of_eyes","[['jointpain', 'fatigue'], ['fatigue', 'yellowishskin'], ['yellowishskin', 'darkurine'], ['darkurine', 'nausea'], ['nausea', 'lossofappetite'], ['lossofappetite', 'abdominalpain'], ['abdominalpain', 'yellowingofeyes']]"
"joint_pain, vomiting, yellowish_skin, dark_urine, nausea, loss_of_appetite, abdominal_pain, yellowing_of_eyes","[['jointpain', 'vomiting'], ['vomiting', 'yellowishskin'], ['yellowishskin', 'darkurine'], ['darkurine', 'nausea'], ['nausea', 'lossofappetite'], ['lossofappetite', 'abdominalpain'], ['abdominalpain', 'yellowingofeyes']]"
"joint_pain, vomiting, fatigue, dark_urine, nausea, loss_of_appetite, abdominal_pain, yellowing_of_eyes","[['jointpain', 'vomiting'], ['vomiting', 'fatigue'], ['fatigue', 'darkurine'], ['darkurine', 'nausea'], ['nausea', 'lossofappetite'], ['lossofappetite', 'abdominalpain'], ['abdominalpain', 'yellowingofeyes']]"
"joint_pain, vomiting, fatigue, yellowish_skin, nausea, loss_of_appetite, abdominal_pain, yellowing_of_eyes","[['jointpain', 'vomiting'], ['vomiting', 'fatigue'], ['fatigue', 'yellowishskin'], ['yellowishskin', 'nausea'], ['nausea', 'lossofappetite'], ['lossofappetite', 'abdominalpain'], ['abdominalpain', 'yellowingofeyes']]"
"joint_pain, vomiting, fatigue, yellowish_skin, dark_urine, loss_of_appetite, abdominal_pain, yellowing_of_eyes","[['jointpain', 'vomiting'], ['vomiting', 'fatigue'], ['fatigue', 'yellowishskin'], ['yellowishskin', 'darkurine'], ['darkurine', 'lossofappetite'], ['lossofappetite', 'abdominalpain'], ['abdominalpain', 'yellowingofeyes']]"
"joint_pain, vomiting, fatigue, yellowish_skin, dark_urine, nausea, abdominal_pain, yellowing_of_eyes","[['jointpain', 'vomiting'], ['vomiting', 'fatigue'], ['fatigue', 'yellowishskin'], ['yellowishskin', 'darkurine'], ['darkurine', 'nausea'], ['nausea', 'abdominalpain'], ['abdominalpain', 'yellowingofeyes']]"
"joint_pain, vomiting, fatigue, yellowish_skin, dark_urine, nausea, loss_of_appetite, yellowing_of_eyes","[['jointpain', 'vomiting'], ['vomiting', 'fatigue'], ['fatigue', 'yellowishskin'], ['yellowishskin', 'darkurine'], ['darkurine', 'nausea'], ['nausea', 'lossofappetite'], ['lossofappetite', 'yellowingofeyes']]"
"joint_pain, vomiting, fatigue, yellowish_skin, dark_urine, nausea, loss_of_appetite, abdominal_pain","[['jointpain', 'vomiting'], ['vomiting', 'fatigue'], ['fatigue', 'yellowishskin'], ['yellowishskin', 'darkurine'], ['darkurine', 'nausea'], ['nausea', 'lossofappetite'], ['lossofappetite', 'abdominalpain']]"
"joint_pain, vomiting, fatigue, high_fever, yellowish_skin, dark_urine, nausea, loss_of_appetite, abdominal_pain, yellowing_of_eyes, coma, stomach_bleeding","[['jointpain', 'vomiting'], ['vomiting', 'fatigue'], ['fatigue', 'highfever'], ['highfever', 'yellowishskin'], ['yellowishskin', 'darkurine'], ['darkurine', 'nausea'], ['nausea', 'lossofappetite'], ['lossofappetite', 'abdominalpain'], ['abdominalpain', 'yellowingofeyes'], ['yellowingofeyes', 'coma'], ['coma', 'stomachbleeding']]"
"joint_pain, vomiting, fatigue, high_fever, yellowish_skin, dark_urine, nausea, loss_of_appetite, abdominal_pain, yellowing_of_eyes, acute_liver_failure, coma, stomach_bleeding","[['jointpain', 'vomiting'], ['vomiting', 'fatigue'], ['fatigue', 'highfever'], ['highfever', 'yellowishskin'], ['yellowishskin', 'darkurine'], ['darkurine', 'nausea'], ['nausea', 'lossofappetite'], ['lossofappetite', 'abdominalpain'], ['abdominalpain', 'yellowingofeyes'], ['yellowingofeyes', 'acuteliverfailure'], ['acuteliverfailure', 'coma'], ['coma', 'stomachbleeding']]"
"vomiting, fatigue, high_fever, yellowish_skin, dark_urine, nausea, loss_of_appetite, abdominal_pain, yellowing_of_eyes, acute_liver_failure, coma, stomach_bleeding","[['vomiting', 'fatigue'], ['fatigue', 'highfever'], ['highfever', 'yellowishskin'], ['yellowishskin', 'darkurine'], ['darkurine', 'nausea'], ['nausea', 'lossofappetite'], ['lossofappetite', 'abdominalpain'], ['abdominalpain', 'yellowingofeyes'], ['yellowingofeyes', 'acuteliverfailure'], ['acuteliverfailure', 'coma'], ['coma', 'stomachbleeding']]"
"joint_pain, fatigue, high_fever, yellowish_skin, dark_urine, nausea, loss_of_appetite, abdominal_pain, yellowing_of_eyes, acute_liver_failure, coma, stomach_bleeding","[['jointpain', 'fatigue'], ['fatigue', 'highfever'], ['highfever', 'yellowishskin'], ['yellowishskin', 'darkurine'], ['darkurine', 'nausea'], ['nausea', 'lossofappetite'], ['lossofappetite', 'abdominalpain'], ['abdominalpain', 'yellowingofeyes'], ['yellowingofeyes', 'acuteliverfailure'], ['acuteliverfailure', 'coma'], ['coma', 'stomachbleeding']]"
"joint_pain, vomiting, high_fever, yellowish_skin, dark_urine, nausea, loss_of_appetite, abdominal_pain, yellowing_of_eyes, acute_liver_failure, coma, stomach_bleeding","[['jointpain', 'vomiting'], ['vomiting', 'highfever'], ['highfever', 'yellowishskin'], ['yellowishskin', 'darkurine'], ['darkurine', 'nausea'], ['nausea', 'lossofappetite'], ['lossofappetite', 'abdominalpain'], ['abdominalpain', 'yellowingofeyes'], ['yellowingofeyes', 'acuteliverfailure'], ['acuteliverfailure', 'coma'], ['coma', 'stomachbleeding']]"
"joint_pain, vomiting, fatigue, yellowish_skin, dark_urine, nausea, loss_of_appetite, abdominal_pain, yellowing_of_eyes, acute_liver_failure, coma, stomach_bleeding","[['jointpain', 'vomiting'], ['vomiting', 'fatigue'], ['fatigue', 'yellowishskin'], ['yellowishskin', 'darkurine'], ['darkurine', 'nausea'], ['nausea', 'lossofappetite'], ['lossofappetite', 'abdominalpain'], ['abdominalpain', 'yellowingofeyes'], ['yellowingofeyes', 'acuteliverfailure'], ['acuteliverfailure', 'coma'], ['coma', 'stomachbleeding']]"
"joint_pain, vomiting, fatigue, high_fever, dark_urine, nausea, loss_of_appetite, abdominal_pain, yellowing_of_eyes, acute_liver_failure, coma, stomach_bleeding","[['jointpain', 'vomiting'], ['vomiting', 'fatigue'], ['fatigue', 'highfever'], ['highfever', 'darkurine'], ['darkurine', 'nausea'], ['nausea', 'lossofappetite'], ['lossofappetite', 'abdominalpain'], ['abdominalpain', 'yellowingofeyes'], ['yellowingofeyes', 'acuteliverfailure'], ['acuteliverfailure', 'coma'], ['coma', 'stomachbleeding']]"
"joint_pain, vomiting, fatigue, high_fever, yellowish_skin, nausea, loss_of_appetite, abdominal_pain, yellowing_of_eyes, acute_liver_failure, coma, stomach_bleeding","[['jointpain', 'vomiting'], ['vomiting', 'fatigue'], ['fatigue', 'highfever'], ['highfever', 'yellowishskin'], ['yellowishskin', 'nausea'], ['nausea', 'lossofappetite'], ['lossofappetite', 'abdominalpain'], ['abdominalpain', 'yellowingofeyes'], ['yellowingofeyes', 'acuteliverfailure'], ['acuteliverfailure', 'coma'], ['coma', 'stomachbleeding']]"
"joint_pain, vomiting, fatigue, high_fever, yellowish_skin, dark_urine, loss_of_appetite, abdominal_pain, yellowing_of_eyes, acute_liver_failure, coma, stomach_bleeding","[['jointpain', 'vomiting'], ['vomiting', 'fatigue'], ['fatigue', 'highfever'], ['highfever', 'yellowishskin'], ['yellowishskin', 'darkurine'], ['darkurine', 'lossofappetite'], ['lossofappetite', 'abdominalpain'], ['abdominalpain', 'yellowingofeyes'], ['yellowingofeyes', 'acuteliverfailure'], ['acuteliverfailure', 'coma'], ['coma', 'stomachbleeding']]"
"vomiting, yellowish_skin, abdominal_pain, swelling_of_stomach, distention_of_abdomen, history_of_alcohol_consumption, fluid_overload","[['vomiting', 'yellowishskin'], ['yellowishskin', 'abdominalpain'], ['abdominalpain', 'swellingofstomach'], ['swellingofstomach', 'distentionofabdomen'], ['distentionofabdomen', 'historyofalcoholconsumption'], ['historyofalcoholconsumption', 'fluidoverload']]"
"yellowish_skin, abdominal_pain, swelling_of_stomach, distention_of_abdomen, history_of_alcohol_consumption, fluid_overload","[['yellowishskin', 'abdominalpain'], ['abdominalpain', 'swellingofstomach'], ['swellingofstomach', 'distentionofabdomen'], ['distentionofabdomen', 'historyofalcoholconsumption'], ['historyofalcoholconsumption', 'fluidoverload']]"
"vomiting, abdominal_pain, swelling_of_stomach, distention_of_abdomen, history_of_alcohol_consumption, fluid_overload","[['vomiting', 'abdominalpain'], ['abdominalpain', 'swellingofstomach'], ['swellingofstomach', 'distentionofabdomen'], ['distentionofabdomen', 'historyofalcoholconsumption'], ['historyofalcoholconsumption', 'fluidoverload']]"
"vomiting, yellowish_skin, swelling_of_stomach, distention_of_abdomen, history_of_alcohol_consumption, fluid_overload","[['vomiting', 'yellowishskin'], ['yellowishskin', 'swellingofstomach'], ['swellingofstomach', 'distentionofabdomen'], ['distentionofabdomen', 'historyofalcoholconsumption'], ['historyofalcoholconsumption', 'fluidoverload']]"
"vomiting, yellowish_skin, abdominal_pain, distention_of_abdomen, history_of_alcohol_consumption, fluid_overload","[['vomiting', 'yellowishskin'], ['yellowishskin', 'abdominalpain'], ['abdominalpain', 'distentionofabdomen'], ['distentionofabdomen', 'historyofalcoholconsumption'], ['historyofalcoholconsumption', 'fluidoverload']]"
"vomiting, yellowish_skin, abdominal_pain, swelling_of_stomach, history_of_alcohol_consumption, fluid_overload","[['vomiting', 'yellowishskin'], ['yellowishskin', 'abdominalpain'], ['abdominalpain', 'swellingofstomach'], ['swellingofstomach', 'historyofalcoholconsumption'], ['historyofalcoholconsumption', 'fluidoverload']]"
"vomiting, yellowish_skin, abdominal_pain, swelling_of_stomach, distention_of_abdomen, fluid_overload","[['vomiting', 'yellowishskin'], ['yellowishskin', 'abdominalpain'], ['abdominalpain', 'swellingofstomach'], ['swellingofstomach', 'distentionofabdomen'], ['distentionofabdomen', 'fluidoverload']]"
"vomiting, yellowish_skin, abdominal_pain, swelling_of_stomach, distention_of_abdomen, history_of_alcohol_consumption","[['vomiting', 'yellowishskin'], ['yellowishskin', 'abdominalpain'], ['abdominalpain', 'swellingofstomach'], ['swellingofstomach', 'distentionofabdomen'], ['distentionofabdomen', 'historyofalcoholconsumption']]"
"chills, vomiting, fatigue, weight_loss, cough, high_fever, breathlessness, sweating, loss_of_appetite, mild_fever, yellowing_of_eyes, swelled_lymph_nodes, malaise, phlegm, chest_pain, blood_in_sputum","[['chills', 'vomiting'], ['vomiting', 'fatigue'], ['fatigue', 'weightloss'], ['weightloss', 'cough'], ['cough', 'highfever'], ['highfever', 'breathlessness'], ['breathlessness', 'sweating'], ['sweating', 'lossofappetite'], ['lossofappetite', 'mildfever'], ['mildfever', 'yellowingofeyes'], ['yellowingofeyes', 'swelledlymphnodes'], ['swelledlymphnodes', 'malaise'], ['malaise', 'phlegm'], ['phlegm', 'chestpain'], ['chestpain', 'bloodinsputum']]"
"vomiting, fatigue, weight_loss, cough, high_fever, breathlessness, sweating, loss_of_appetite, mild_fever, yellowing_of_eyes, swelled_lymph_nodes, malaise, phlegm, chest_pain, blood_in_sputum","[['vomiting', 'fatigue'], ['fatigue', 'weightloss'], ['weightloss', 'cough'], ['cough', 'highfever'], ['highfever', 'breathlessness'], ['breathlessness', 'sweating'], ['sweating', 'lossofappetite'], ['lossofappetite', 'mildfever'], ['mildfever', 'yellowingofeyes'], ['yellowingofeyes', 'swelledlymphnodes'], ['swelledlymphnodes', 'malaise'], ['malaise', 'phlegm'], ['phlegm', 'chestpain'], ['chestpain', 'bloodinsputum']]"
"chills, fatigue, weight_loss, cough, high_fever, breathlessness, sweating, loss_of_appetite, mild_fever, yellowing_of_eyes, swelled_lymph_nodes, malaise, phlegm, chest_pain, blood_in_sputum","[['chills', 'fatigue'], ['fatigue', 'weightloss'], ['weightloss', 'cough'], ['cough', 'highfever'], ['highfever', 'breathlessness'], ['breathlessness', 'sweating'], ['sweating', 'lossofappetite'], ['lossofappetite', 'mildfever'], ['mildfever', 'yellowingofeyes'], ['yellowingofeyes', 'swelledlymphnodes'], ['swelledlymphnodes', 'malaise'], ['malaise', 'phlegm'], ['phlegm', 'chestpain'], ['chestpain', 'bloodinsputum']]"
"chills, vomiting, weight_loss, cough, high_fever, breathlessness, sweating, loss_of_appetite, mild_fever, yellowing_of_eyes, swelled_lymph_nodes, malaise, phlegm, chest_pain, blood_in_sputum","[['chills', 'vomiting'], ['vomiting', 'weightloss'], ['weightloss', 'cough'], ['cough', 'highfever'], ['highfever', 'breathlessness'], ['breathlessness', 'sweating'], ['sweating', 'lossofappetite'], ['lossofappetite', 'mildfever'], ['mildfever', 'yellowingofeyes'], ['yellowingofeyes', 'swelledlymphnodes'], ['swelledlymphnodes', 'malaise'], ['malaise', 'phlegm'], ['phlegm', 'chestpain'], ['chestpain', 'bloodinsputum']]"
"chills, vomiting, fatigue, cough, high_fever, breathlessness, sweating, loss_of_appetite, mild_fever, yellowing_of_eyes, swelled_lymph_nodes, malaise, phlegm, chest_pain, blood_in_sputum","[['chills', 'vomiting'], ['vomiting', 'fatigue'], ['fatigue', 'cough'], ['cough', 'highfever'], ['highfever', 'breathlessness'], ['breathlessness', 'sweating'], ['sweating', 'lossofappetite'], ['lossofappetite', 'mildfever'], ['mildfever', 'yellowingofeyes'], ['yellowingofeyes', 'swelledlymphnodes'], ['swelledlymphnodes', 'malaise'], ['malaise', 'phlegm'], ['phlegm', 'chestpain'], ['chestpain', 'bloodinsputum']]"
"chills, vomiting, fatigue, weight_loss, high_fever, breathlessness, sweating, loss_of_appetite, mild_fever, yellowing_of_eyes, swelled_lymph_nodes, malaise, phlegm, chest_pain, blood_in_sputum","[['chills', 'vomiting'], ['vomiting', 'fatigue'], ['fatigue', 'weightloss'], ['weightloss', 'highfever'], ['highfever', 'breathlessness'], ['breathlessness', 'sweating'], ['sweating', 'lossofappetite'], ['lossofappetite', 'mildfever'], ['mildfever', 'yellowingofeyes'], ['yellowingofeyes', 'swelledlymphnodes'], ['swelledlymphnodes', 'malaise'], ['malaise', 'phlegm'], ['phlegm', 'chestpain'], ['chestpain', 'bloodinsputum']]"
"chills, vomiting, fatigue, weight_loss, cough, breathlessness, sweating, loss_of_appetite, mild_fever, yellowing_of_eyes, swelled_lymph_nodes, malaise, phlegm, chest_pain, blood_in_sputum","[['chills', 'vomiting'], ['vomiting', 'fatigue'], ['fatigue', 'weightloss'], ['weightloss', 'cough'], ['cough', 'breathlessness'], ['breathlessness', 'sweating'], ['sweating', 'lossofappetite'], ['lossofappetite', 'mildfever'], ['mildfever', 'yellowingofeyes'], ['yellowingofeyes', 'swelledlymphnodes'], ['swelledlymphnodes', 'malaise'], ['malaise', 'phlegm'], ['phlegm', 'chestpain'], ['chestpain', 'bloodinsputum']]"
"chills, vomiting, fatigue, weight_loss, cough, high_fever, sweating, loss_of_appetite, mild_fever, yellowing_of_eyes, swelled_lymph_nodes, malaise, phlegm, chest_pain, blood_in_sputum","[['chills', 'vomiting'], ['vomiting', 'fatigue'], ['fatigue', 'weightloss'], ['weightloss', 'cough'], ['cough', 'highfever'], ['highfever', 'sweating'], ['sweating', 'lossofappetite'], ['lossofappetite', 'mildfever'], ['mildfever', 'yellowingofeyes'], ['yellowingofeyes', 'swelledlymphnodes'], ['swelledlymphnodes', 'malaise'], ['malaise', 'phlegm'], ['phlegm', 'chestpain'], ['chestpain', 'bloodinsputum']]"
"chills, vomiting, fatigue, weight_loss, cough, high_fever, breathlessness, loss_of_appetite, mild_fever, yellowing_of_eyes, swelled_lymph_nodes, malaise, phlegm, chest_pain, blood_in_sputum","[['chills', 'vomiting'], ['vomiting', 'fatigue'], ['fatigue', 'weightloss'], ['weightloss', 'cough'], ['cough', 'highfever'], ['highfever', 'breathlessness'], ['breathlessness', 'lossofappetite'], ['lossofappetite', 'mildfever'], ['mildfever', 'yellowingofeyes'], ['yellowingofeyes', 'swelledlymphnodes'], ['swelledlymphnodes', 'malaise'], ['malaise', 'phlegm'], ['phlegm', 'chestpain'], ['chestpain', 'bloodinsputum']]"
"continuous_sneezing, chills, fatigue, cough, high_fever, headache, swelled_lymph_nodes, malaise, phlegm, throat_irritation, redness_of_eyes, sinus_pressure, runny_nose, congestion, chest_pain, loss_of_smell, muscle_pain","[['continuoussneezing', 'chills'], ['chills', 'fatigue'], ['fatigue', 'cough'], ['cough', 'highfever'], ['highfever', 'headache'], ['headache', 'swelledlymphnodes'], ['swelledlymphnodes', 'malaise'], ['malaise', 'phlegm'], ['phlegm', 'throatirritation'], ['throatirritation', 'rednessofeyes'], ['rednessofeyes', 'sinuspressure'], ['sinuspressure', 'runnynose'], ['runnynose', 'congestion'], ['congestion', 'chestpain'], ['chestpain', 'lossofsmell'], ['lossofsmell', 'musclepain']]"
"chills, fatigue, cough, high_fever, headache, swelled_lymph_nodes, malaise, phlegm, throat_irritation, redness_of_eyes, sinus_pressure, runny_nose, congestion, chest_pain, loss_of_smell, muscle_pain","[['chills', 'fatigue'], ['fatigue', 'cough'], ['cough', 'highfever'], ['highfever', 'headache'], ['headache', 'swelledlymphnodes'], ['swelledlymphnodes', 'malaise'], ['malaise', 'phlegm'], ['phlegm', 'throatirritation'], ['throatirritation', 'rednessofeyes'], ['rednessofeyes', 'sinuspressure'], ['sinuspressure', 'runnynose'], ['runnynose', 'congestion'], ['congestion', 'chestpain'], ['chestpain', 'lossofsmell'], ['lossofsmell', 'musclepain']]"
"continuous_sneezing, fatigue, cough, high_fever, headache, swelled_lymph_nodes, malaise, phlegm, throat_irritation, redness_of_eyes, sinus_pressure, runny_nose, congestion, chest_pain, loss_of_smell, muscle_pain","[['continuoussneezing', 'fatigue'], ['fatigue', 'cough'], ['cough', 'highfever'], ['highfever', 'headache'], ['headache', 'swelledlymphnodes'], ['swelledlymphnodes', 'malaise'], ['malaise', 'phlegm'], ['phlegm', 'throatirritation'], ['throatirritation', 'rednessofeyes'], ['rednessofeyes', 'sinuspressure'], ['sinuspressure', 'runnynose'], ['runnynose', 'congestion'], ['congestion', 'chestpain'], ['chestpain', 'lossofsmell'], ['lossofsmell', 'musclepain']]"
"continuous_sneezing, chills, cough, high_fever, headache, swelled_lymph_nodes, malaise, phlegm, throat_irritation, redness_of_eyes, sinus_pressure, runny_nose, congestion, chest_pain, loss_of_smell, muscle_pain","[['continuoussneezing', 'chills'], ['chills', 'cough'], ['cough', 'highfever'], ['highfever', 'headache'], ['headache', 'swelledlymphnodes'], ['swelledlymphnodes', 'malaise'], ['malaise', 'phlegm'], ['phlegm', 'throatirritation'], ['throatirritation', 'rednessofeyes'], ['rednessofeyes', 'sinuspressure'], ['sinuspressure', 'runnynose'], ['runnynose', 'congestion'], ['congestion', 'chestpain'], ['chestpain', 'lossofsmell'], ['lossofsmell', 'musclepain']]"
"continuous_sneezing, chills, fatigue, high_fever, headache, swelled_lymph_nodes, malaise, phlegm, throat_irritation, redness_of_eyes, sinus_pressure, runny_nose, congestion, chest_pain, loss_of_smell, muscle_pain","[['continuoussneezing', 'chills'], ['chills', 'fatigue'], ['fatigue', 'highfever'], ['highfever', 'headache'], ['headache', 'swelledlymphnodes'], ['swelledlymphnodes', 'malaise'], ['malaise', 'phlegm'], ['phlegm', 'throatirritation'], ['throatirritation', 'rednessofeyes'], ['rednessofeyes', 'sinuspressure'], ['sinuspressure', 'runnynose'], ['runnynose', 'congestion'], ['congestion', 'chestpain'], ['chestpain', 'lossofsmell'], ['lossofsmell', 'musclepain']]"
"continuous_sneezing, chills, fatigue, cough, headache, swelled_lymph_nodes, malaise, phlegm, throat_irritation, redness_of_eyes, sinus_pressure, runny_nose, congestion, chest_pain, loss_of_smell, muscle_pain","[['continuoussneezing', 'chills'], ['chills', 'fatigue'], ['fatigue', 'cough'], ['cough', 'headache'], ['headache', 'swelledlymphnodes'], ['swelledlymphnodes', 'malaise'], ['malaise', 'phlegm'], ['phlegm', 'throatirritation'], ['throatirritation', 'rednessofeyes'], ['rednessofeyes', 'sinuspressure'], ['sinuspressure', 'runnynose'], ['runnynose', 'congestion'], ['congestion', 'chestpain'], ['chestpain', 'lossofsmell'], ['lossofsmell', 'musclepain']]"
"continuous_sneezing, chills, fatigue, cough, high_fever, swelled_lymph_nodes, malaise, phlegm, throat_irritation, redness_of_eyes, sinus_pressure, runny_nose, congestion, chest_pain, loss_of_smell, muscle_pain","[['continuoussneezing', 'chills'], ['chills', 'fatigue'], ['fatigue', 'cough'], ['cough', 'highfever'], ['highfever', 'swelledlymphnodes'], ['swelledlymphnodes', 'malaise'], ['malaise', 'phlegm'], ['phlegm', 'throatirritation'], ['throatirritation', 'rednessofeyes'], ['rednessofeyes', 'sinuspressure'], ['sinuspressure', 'runnynose'], ['runnynose', 'congestion'], ['congestion', 'chestpain'], ['chestpain', 'lossofsmell'], ['lossofsmell', 'musclepain']]"
"continuous_sneezing, chills, fatigue, cough, high_fever, headache, malaise, phlegm, throat_irritation, redness_of_eyes, sinus_pressure, runny_nose, congestion, chest_pain, loss_of_smell, muscle_pain","[['continuoussneezing', 'chills'], ['chills', 'fatigue'], ['fatigue', 'cough'], ['cough', 'highfever'], ['highfever', 'headache'], ['headache', 'malaise'], ['malaise', 'phlegm'], ['phlegm', 'throatirritation'], ['throatirritation', 'rednessofeyes'], ['rednessofeyes', 'sinuspressure'], ['sinuspressure', 'runnynose'], ['runnynose', 'congestion'], ['congestion', 'chestpain'], ['chestpain', 'lossofsmell'], ['lossofsmell', 'musclepain']]"
"continuous_sneezing, chills, fatigue, cough, high_fever, headache, swelled_lymph_nodes, phlegm, throat_irritation, redness_of_eyes, sinus_pressure, runny_nose, congestion, chest_pain, loss_of_smell, muscle_pain","[['continuoussneezing', 'chills'], ['chills', 'fatigue'], ['fatigue', 'cough'], ['cough', 'highfever'], ['highfever', 'headache'], ['headache', 'swelledlymphnodes'], ['swelledlymphnodes', 'phlegm'], ['phlegm', 'throatirritation'], ['throatirritation', 'rednessofeyes'], ['rednessofeyes', 'sinuspressure'], ['sinuspressure', 'runnynose'], ['runnynose', 'congestion'], ['congestion', 'chestpain'], ['chestpain', 'lossofsmell'], ['lossofsmell', 'musclepain']]"
"chills, fatigue, cough, high_fever, breathlessness, sweating, malaise, chest_pain, fast_heart_rate, rusty_sputum","[['chills', 'fatigue'], ['fatigue', 'cough'], ['cough', 'highfever'], ['highfever', 'breathlessness'], ['breathlessness', 'sweating'], ['sweating', 'malaise'], ['malaise', 'chestpain'], ['chestpain', 'fastheartrate'], ['fastheartrate', 'rustysputum']]"
"chills, fatigue, cough, high_fever, breathlessness, sweating, malaise, phlegm, chest_pain, fast_heart_rate, rusty_sputum","[['chills', 'fatigue'], ['fatigue', 'cough'], ['cough', 'highfever'], ['highfever', 'breathlessness'], ['breathlessness', 'sweating'], ['sweating', 'malaise'], ['malaise', 'phlegm'], ['phlegm', 'chestpain'], ['chestpain', 'fastheartrate'], ['fastheartrate', 'rustysputum']]"
"fatigue, cough, high_fever, breathlessness, sweating, malaise, phlegm, chest_pain, fast_heart_rate, rusty_sputum","[['fatigue', 'cough'], ['cough', 'highfever'], ['highfever', 'breathlessness'], ['breathlessness', 'sweating'], ['sweating', 'malaise'], ['malaise', 'phlegm'], ['phlegm', 'chestpain'], ['chestpain', 'fastheartrate'], ['fastheartrate', 'rustysputum']]"
"chills, cough, high_fever, breathlessness, sweating, malaise, phlegm, chest_pain, fast_heart_rate, rusty_sputum","[['chills', 'cough'], ['cough', 'highfever'], ['highfever', 'breathlessness'], ['breathlessness', 'sweating'], ['sweating', 'malaise'], ['malaise', 'phlegm'], ['phlegm', 'chestpain'], ['chestpain', 'fastheartrate'], ['fastheartrate', 'rustysputum']]"
"chills, fatigue, high_fever, breathlessness, sweating, malaise, phlegm, chest_pain, fast_heart_rate, rusty_sputum","[['chills', 'fatigue'], ['fatigue', 'highfever'], ['highfever', 'breathlessness'], ['breathlessness', 'sweating'], ['sweating', 'malaise'], ['malaise', 'phlegm'], ['phlegm', 'chestpain'], ['chestpain', 'fastheartrate'], ['fastheartrate', 'rustysputum']]"
"chills, fatigue, cough, breathlessness, sweating, malaise, phlegm, chest_pain, fast_heart_rate, rusty_sputum","[['chills', 'fatigue'], ['fatigue', 'cough'], ['cough', 'breathlessness'], ['breathlessness', 'sweating'], ['sweating', 'malaise'], ['malaise', 'phlegm'], ['phlegm', 'chestpain'], ['chestpain', 'fastheartrate'], ['fastheartrate', 'rustysputum']]"
"chills, fatigue, cough, high_fever, sweating, malaise, phlegm, chest_pain, fast_heart_rate, rusty_sputum","[['chills', 'fatigue'], ['fatigue', 'cough'], ['cough', 'highfever'], ['highfever', 'sweating'], ['sweating', 'malaise'], ['malaise', 'phlegm'], ['phlegm', 'chestpain'], ['chestpain', 'fastheartrate'], ['fastheartrate', 'rustysputum']]"
"chills, fatigue, cough, high_fever, breathlessness, malaise, phlegm, chest_pain, fast_heart_rate, rusty_sputum","[['chills', 'fatigue'], ['fatigue', 'cough'], ['cough', 'highfever'], ['highfever', 'breathlessness'], ['breathlessness', 'malaise'], ['malaise', 'phlegm'], ['phlegm', 'chestpain'], ['chestpain', 'fastheartrate'], ['fastheartrate', 'rustysputum']]"
"chills, fatigue, cough, high_fever, breathlessness, sweating, phlegm, chest_pain, fast_heart_rate, rusty_sputum","[['chills', 'fatigue'], ['fatigue', 'cough'], ['cough', 'highfever'], ['highfever', 'breathlessness'], ['breathlessness', 'sweating'], ['sweating', 'phlegm'], ['phlegm', 'chestpain'], ['chestpain', 'fastheartrate'], ['fastheartrate', 'rustysputum']]"
"constipation, pain_during_bowel_movements, pain_in_anal_region, bloody_stool, irritation_in_anus","[['constipation', 'painduringbowelmovements'], ['painduringbowelmovements', 'paininanalregion'], ['paininanalregion', 'bloodystool'], ['bloodystool', 'irritationinanus']]"
"pain_during_bowel_movements, pain_in_anal_region, bloody_stool, irritation_in_anus","[['painduringbowelmovements', 'paininanalregion'], ['paininanalregion', 'bloodystool'], ['bloodystool', 'irritationinanus']]"
"constipation, pain_in_anal_region, bloody_stool, irritation_in_anus","[['constipation', 'paininanalregion'], ['paininanalregion', 'bloodystool'], ['bloodystool', 'irritationinanus']]"
"constipation, pain_during_bowel_movements, bloody_stool, irritation_in_anus","[['constipation', 'painduringbowelmovements'], ['painduringbowelmovements', 'bloodystool'], ['bloodystool', 'irritationinanus']]"
"constipation, pain_during_bowel_movements, pain_in_anal_region, irritation_in_anus","[['constipation', 'painduringbowelmovements'], ['painduringbowelmovements', 'paininanalregion'], ['paininanalregion', 'irritationinanus']]"
"constipation, pain_during_bowel_movements, pain_in_anal_region, bloody_stool","[['constipation', 'painduringbowelmovements'], ['painduringbowelmovements', 'paininanalregion'], ['paininanalregion', 'bloodystool']]"
"vomiting, breathlessness, sweating, chest_pain","[['vomiting', 'breathlessness'], ['breathlessness', 'sweating'], ['sweating', 'chestpain']]"
"breathlessness, sweating, chest_pain","[['breathlessness', 'sweating'], ['sweating', 'chestpain']]"
"vomiting, sweating, chest_pain","[['vomiting', 'sweating'], ['sweating', 'chestpain']]"
"vomiting, breathlessness, chest_pain","[['vomiting', 'breathlessness'], ['breathlessness', 'chestpain']]"
"vomiting, breathlessness, sweating","[['vomiting', 'breathlessness'], ['breathlessness', 'sweating']]"
"fatigue, cramps, bruising, obesity, swollen_legs, swollen_blood_vessels, prominent_veins_on_calf","[['fatigue', 'cramps'], ['cramps', 'bruising'], ['bruising', 'obesity'], ['obesity', 'swollenlegs'], ['swollenlegs', 'swollenbloodvessels'], ['swollenbloodvessels', 'prominentveinsoncalf']]"
"cramps, bruising, obesity, swollen_legs, swollen_blood_vessels, prominent_veins_on_calf","[['cramps', 'bruising'], ['bruising', 'obesity'], ['obesity', 'swollenlegs'], ['swollenlegs', 'swollenbloodvessels'], ['swollenbloodvessels', 'prominentveinsoncalf']]"
"fatigue, bruising, obesity, swollen_legs, swollen_blood_vessels, prominent_veins_on_calf","[['fatigue', 'bruising'], ['bruising', 'obesity'], ['obesity', 'swollenlegs'], ['swollenlegs', 'swollenbloodvessels'], ['swollenbloodvessels', 'prominentveinsoncalf']]"
"fatigue, cramps, obesity, swollen_legs, swollen_blood_vessels, prominent_veins_on_calf","[['fatigue', 'cramps'], ['cramps', 'obesity'], ['obesity', 'swollenlegs'], ['swollenlegs', 'swollenbloodvessels'], ['swollenbloodvessels', 'prominentveinsoncalf']]"
"fatigue, cramps, bruising, swollen_legs, swollen_blood_vessels, prominent_veins_on_calf","[['fatigue', 'cramps'], ['cramps', 'bruising'], ['bruising', 'swollenlegs'], ['swollenlegs', 'swollenbloodvessels'], ['swollenbloodvessels', 'prominentveinsoncalf']]"
"fatigue, cramps, bruising, obesity, swollen_blood_vessels, prominent_veins_on_calf","[['fatigue', 'cramps'], ['cramps', 'bruising'], ['bruising', 'obesity'], ['obesity', 'swollenbloodvessels'], ['swollenbloodvessels', 'prominentveinsoncalf']]"
"fatigue, cramps, bruising, obesity, swollen_legs, prominent_veins_on_calf","[['fatigue', 'cramps'], ['cramps', 'bruising'], ['bruising', 'obesity'], ['obesity', 'swollenlegs'], ['swollenlegs', 'prominentveinsoncalf']]"
"fatigue, cramps, bruising, obesity, swollen_legs, swollen_blood_vessels","[['fatigue', 'cramps'], ['cramps', 'bruising'], ['bruising', 'obesity'], ['obesity', 'swollenlegs'], ['swollenlegs', 'swollenbloodvessels']]"
"fatigue, weight_gain, cold_hands_and_feets, mood_swings, lethargy, dizziness, puffy_face_and_eyes, enlarged_thyroid, brittle_nails, swollen_extremeties, depression, irritability, abnormal_menstruation","[['fatigue', 'weightgain'], ['weightgain', 'coldhandsandfeets'], ['coldhandsandfeets', 'moodswings'], ['moodswings', 'lethargy'], ['lethargy', 'dizziness'], ['dizziness', 'puffyfaceandeyes'], ['puffyfaceandeyes', 'enlargedthyroid'], ['enlargedthyroid', 'brittlenails'], ['brittlenails', 'swollenextremeties'], ['swollenextremeties', 'depression'], ['depression', 'irritability'], ['irritability', 'abnormalmenstruation']]"
"weight_gain, cold_hands_and_feets, mood_swings, lethargy, dizziness, puffy_face_and_eyes, enlarged_thyroid, brittle_nails, swollen_extremeties, depression, irritability, abnormal_menstruation","[['weightgain', 'coldhandsandfeets'], ['coldhandsandfeets', 'moodswings'], ['moodswings', 'lethargy'], ['lethargy', 'dizziness'], ['dizziness', 'puffyfaceandeyes'], ['puffyfaceandeyes', 'enlargedthyroid'], ['enlargedthyroid', 'brittlenails'], ['brittlenails', 'swollenextremeties'], ['swollenextremeties', 'depression'], ['depression', 'irritability'], ['irritability', 'abnormalmenstruation']]"
"fatigue, cold_hands_and_feets, mood_swings, lethargy, dizziness, puffy_face_and_eyes, enlarged_thyroid, brittle_nails, swollen_extremeties, depression, irritability, abnormal_menstruation","[['fatigue', 'coldhandsandfeets'], ['coldhandsandfeets', 'moodswings'], ['moodswings', 'lethargy'], ['lethargy', 'dizziness'], ['dizziness', 'puffyfaceandeyes'], ['puffyfaceandeyes', 'enlargedthyroid'], ['enlargedthyroid', 'brittlenails'], ['brittlenails', 'swollenextremeties'], ['swollenextremeties', 'depression'], ['depression', 'irritability'], ['irritability', 'abnormalmenstruation']]"
"fatigue, weight_gain, mood_swings, lethargy, dizziness, puffy_face_and_eyes, enlarged_thyroid, brittle_nails, swollen_extremeties, depression, irritability, abnormal_menstruation","[['fatigue', 'weightgain'], ['weightgain', 'moodswings'], ['moodswings', 'lethargy'], ['lethargy', 'dizziness'], ['dizziness', 'puffyfaceandeyes'], ['puffyfaceandeyes', 'enlargedthyroid'], ['enlargedthyroid', 'brittlenails'], ['brittlenails', 'swollenextremeties'], ['swollenextremeties', 'depression'], ['depression', 'irritability'], ['irritability', 'abnormalmenstruation']]"
"fatigue, weight_gain, cold_hands_and_feets, lethargy, dizziness, puffy_face_and_eyes, enlarged_thyroid, brittle_nails, swollen_extremeties, depression, irritability, abnormal_menstruation","[['fatigue', 'weightgain'], ['weightgain', 'coldhandsandfeets'], ['coldhandsandfeets', 'lethargy'], ['lethargy', 'dizziness'], ['dizziness', 'puffyfaceandeyes'], ['puffyfaceandeyes', 'enlargedthyroid'], ['enlargedthyroid', 'brittlenails'], ['brittlenails', 'swollenextremeties'], ['swollenextremeties', 'depression'], ['depression', 'irritability'], ['irritability', 'abnormalmenstruation']]"
"fatigue, weight_gain, cold_hands_and_feets, mood_swings, dizziness, puffy_face_and_eyes, enlarged_thyroid, brittle_nails, swollen_extremeties, depression, irritability, abnormal_menstruation","[['fatigue', 'weightgain'], ['weightgain', 'coldhandsandfeets'], ['coldhandsandfeets', 'moodswings'], ['moodswings', 'dizziness'], ['dizziness', 'puffyfaceandeyes'], ['puffyfaceandeyes', 'enlargedthyroid'], ['enlargedthyroid', 'brittlenails'], ['brittlenails', 'swollenextremeties'], ['swollenextremeties', 'depression'], ['depression', 'irritability'], ['irritability', 'abnormalmenstruation']]"
"fatigue, weight_gain, cold_hands_and_feets, mood_swings, lethargy, puffy_face_and_eyes, enlarged_thyroid, brittle_nails, swollen_extremeties, depression, irritability, abnormal_menstruation","[['fatigue', 'weightgain'], ['weightgain', 'coldhandsandfeets'], ['coldhandsandfeets', 'moodswings'], ['moodswings', 'lethargy'], ['lethargy', 'puffyfaceandeyes'], ['puffyfaceandeyes', 'enlargedthyroid'], ['enlargedthyroid', 'brittlenails'], ['brittlenails', 'swollenextremeties'], ['swollenextremeties', 'depression'], ['depression', 'irritability'], ['irritability', 'abnormalmenstruation']]"
"fatigue, weight_gain, cold_hands_and_feets, mood_swings, lethargy, dizziness, enlarged_thyroid, brittle_nails, swollen_extremeties, depression, irritability, abnormal_menstruation","[['fatigue', 'weightgain'], ['weightgain', 'coldhandsandfeets'], ['coldhandsandfeets', 'moodswings'], ['moodswings', 'lethargy'], ['lethargy', 'dizziness'], ['dizziness', 'enlargedthyroid'], ['enlargedthyroid', 'brittlenails'], ['brittlenails', 'swollenextremeties'], ['swollenextremeties', 'depression'], ['depression', 'irritability'], ['irritability', 'abnormalmenstruation']]"
"fatigue, mood_swings, weight_loss, restlessness, sweating, diarrhoea, fast_heart_rate, excessive_hunger, muscle_weakness, irritability, abnormal_menstruation","[['fatigue', 'moodswings'], ['moodswings', 'weightloss'], ['weightloss', 'restlessness'], ['restlessness', 'sweating'], ['sweating', 'diarrhoea'], ['diarrhoea', 'fastheartrate'], ['fastheartrate', 'excessivehunger'], ['excessivehunger', 'muscleweakness'], ['muscleweakness', 'irritability'], ['irritability', 'abnormalmenstruation']]"
"mood_swings, weight_loss, restlessness, sweating, diarrhoea, fast_heart_rate, excessive_hunger, muscle_weakness, irritability, abnormal_menstruation","[['moodswings', 'weightloss'], ['weightloss', 'restlessness'], ['restlessness', 'sweating'], ['sweating', 'diarrhoea'], ['diarrhoea', 'fastheartrate'], ['fastheartrate', 'excessivehunger'], ['excessivehunger', 'muscleweakness'], ['muscleweakness', 'irritability'], ['irritability', 'abnormalmenstruation']]"
"fatigue, weight_loss, restlessness, sweating, diarrhoea, fast_heart_rate, excessive_hunger, muscle_weakness, irritability, abnormal_menstruation","[['fatigue', 'weightloss'], ['weightloss', 'restlessness'], ['restlessness', 'sweating'], ['sweating', 'diarrhoea'], ['diarrhoea', 'fastheartrate'], ['fastheartrate', 'excessivehunger'], ['excessivehunger', 'muscleweakness'], ['muscleweakness', 'irritability'], ['irritability', 'abnormalmenstruation']]"
"fatigue, mood_swings, restlessness, sweating, diarrhoea, fast_heart_rate, excessive_hunger, muscle_weakness, irritability, abnormal_menstruation","[['fatigue', 'moodswings'], ['moodswings', 'restlessness'], ['restlessness', 'sweating'], ['sweating', 'diarrhoea'], ['diarrhoea', 'fastheartrate'], ['fastheartrate', 'excessivehunger'], ['excessivehunger', 'muscleweakness'], ['muscleweakness', 'irritability'], ['irritability', 'abnormalmenstruation']]"
"fatigue, mood_swings, weight_loss, sweating, diarrhoea, fast_heart_rate, excessive_hunger, muscle_weakness, irritability, abnormal_menstruation","[['fatigue', 'moodswings'], ['moodswings', 'weightloss'], ['weightloss', 'sweating'], ['sweating', 'diarrhoea'], ['diarrhoea', 'fastheartrate'], ['fastheartrate', 'excessivehunger'], ['excessivehunger', 'muscleweakness'], ['muscleweakness', 'irritability'], ['irritability', 'abnormalmenstruation']]"
"fatigue, mood_swings, weight_loss, restlessness, diarrhoea, fast_heart_rate, excessive_hunger, muscle_weakness, irritability, abnormal_menstruation","[['fatigue', 'moodswings'], ['moodswings', 'weightloss'], ['weightloss', 'restlessness'], ['restlessness', 'diarrhoea'], ['diarrhoea', 'fastheartrate'], ['fastheartrate', 'excessivehunger'], ['excessivehunger', 'muscleweakness'], ['muscleweakness', 'irritability'], ['irritability', 'abnormalmenstruation']]"
"fatigue, mood_swings, weight_loss, restlessness, sweating, fast_heart_rate, excessive_hunger, muscle_weakness, irritability, abnormal_menstruation","[['fatigue', 'moodswings'], ['moodswings', 'weightloss'], ['weightloss', 'restlessness'], ['restlessness', 'sweating'], ['sweating', 'fastheartrate'], ['fastheartrate', 'excessivehunger'], ['excessivehunger', 'muscleweakness'], ['muscleweakness', 'irritability'], ['irritability', 'abnormalmenstruation']]"
"fatigue, mood_swings, weight_loss, restlessness, sweating, diarrhoea, excessive_hunger, muscle_weakness, irritability, abnormal_menstruation","[['fatigue', 'moodswings'], ['moodswings', 'weightloss'], ['weightloss', 'restlessness'], ['restlessness', 'sweating'], ['sweating', 'diarrhoea'], ['diarrhoea', 'excessivehunger'], ['excessivehunger', 'muscleweakness'], ['muscleweakness', 'irritability'], ['irritability', 'abnormalmenstruation']]"
"fatigue, mood_swings, weight_loss, restlessness, sweating, diarrhoea, fast_heart_rate, muscle_weakness, irritability, abnormal_menstruation","[['fatigue', 'moodswings'], ['moodswings', 'weightloss'], ['weightloss', 'restlessness'], ['restlessness', 'sweating'], ['sweating', 'diarrhoea'], ['diarrhoea', 'fastheartrate'], ['fastheartrate', 'muscleweakness'], ['muscleweakness', 'irritability'], ['irritability', 'abnormalmenstruation']]"
"vomiting, fatigue, anxiety, sweating, headache, nausea, blurred_and_distorted_vision, excessive_hunger, slurred_speech, irritability, palpitations","[['vomiting', 'fatigue'], ['fatigue', 'anxiety'], ['anxiety', 'sweating'], ['sweating', 'headache'], ['headache', 'nausea'], ['nausea', 'blurredanddistortedvision'], ['blurredanddistortedvision', 'excessivehunger'], ['excessivehunger', 'slurredspeech'], ['slurredspeech', 'irritability'], ['irritability', 'palpitations']]"
"vomiting, fatigue, anxiety, sweating, headache, nausea, blurred_and_distorted_vision, excessive_hunger, drying_and_tingling_lips, slurred_speech, irritability, palpitations","[['vomiting', 'fatigue'], ['fatigue', 'anxiety'], ['anxiety', 'sweating'], ['sweating', 'headache'], ['headache', 'nausea'], ['nausea', 'blurredanddistortedvision'], ['blurredanddistortedvision', 'excessivehunger'], ['excessivehunger', 'dryingandtinglinglips'], ['dryingandtinglinglips', 'slurredspeech'], ['slurredspeech', 'irritability'], ['irritability', 'palpitations']]"
"fatigue, anxiety, sweating, headache, nausea, blurred_and_distorted_vision, excessive_hunger, drying_and_tingling_lips, slurred_speech, irritability, palpitations","[['fatigue', 'anxiety'], ['anxiety', 'sweating'], ['sweating', 'headache'], ['headache', 'nausea'], ['nausea', 'blurredanddistortedvision'], ['blurredanddistortedvision', 'excessivehunger'], ['excessivehunger', 'dryingandtinglinglips'], ['dryingandtinglinglips', 'slurredspeech'], ['slurredspeech', 'irritability'], ['irritability', 'palpitations']]"
"vomiting, anxiety, sweating, headache, nausea, blurred_and_distorted_vision, excessive_hunger, drying_and_tingling_lips, slurred_speech, irritability, palpitations","[['vomiting', 'anxiety'], ['anxiety', 'sweating'], ['sweating', 'headache'], ['headache', 'nausea'], ['nausea', 'blurredanddistortedvision'], ['blurredanddistortedvision', 'excessivehunger'], ['excessivehunger', 'dryingandtinglinglips'], ['dryingandtinglinglips', 'slurredspeech'], ['slurredspeech', 'irritability'], ['irritability', 'palpitations']]"
"vomiting, fatigue, sweating, headache, nausea, blurred_and_distorted_vision, excessive_hunger, drying_and_tingling_lips, slurred_speech, irritability, palpitations","[['vomiting', 'fatigue'], ['fatigue', 'sweating'], ['sweating', 'headache'], ['headache', 'nausea'], ['nausea', 'blurredanddistortedvision'], ['blurredanddistortedvision', 'excessivehunger'], ['excessivehunger', 'dryingandtinglinglips'], ['dryingandtinglinglips', 'slurredspeech'], ['slurredspeech', 'irritability'], ['irritability', 'palpitations']]"
"vomiting, fatigue, anxiety, headache, nausea, blurred_and_distorted_vision, excessive_hunger, drying_and_tingling_lips, slurred_speech, irritability, palpitations","[['vomiting', 'fatigue'], ['fatigue', 'anxiety'], ['anxiety', 'headache'], ['headache', 'nausea'], ['nausea', 'blurredanddistortedvision'], ['blurredanddistortedvision', 'excessivehunger'], ['excessivehunger', 'dryingandtinglinglips'], ['dryingandtinglinglips', 'slurredspeech'], ['slurredspeech', 'irritability'], ['irritability', 'palpitations']]"
"vomiting, fatigue, anxiety, sweating, nausea, blurred_and_distorted_vision, excessive_hunger, drying_and_tingling_lips, slurred_speech, irritability, palpitations","[['vomiting', 'fatigue'], ['fatigue', 'anxiety'], ['anxiety', 'sweating'], ['sweating', 'nausea'], ['nausea', 'blurredanddistortedvision'], ['blurredanddistortedvision', 'excessivehunger'], ['excessivehunger', 'dryingandtinglinglips'], ['dryingandtinglinglips', 'slurredspeech'], ['slurredspeech', 'irritability'], ['irritability', 'palpitations']]"
"vomiting, fatigue, anxiety, sweating, headache, blurred_and_distorted_vision, excessive_hunger, drying_and_tingling_lips, slurred_speech, irritability, palpitations","[['vomiting', 'fatigue'], ['fatigue', 'anxiety'], ['anxiety', 'sweating'], ['sweating', 'headache'], ['headache', 'blurredanddistortedvision'], ['blurredanddistortedvision', 'excessivehunger'], ['excessivehunger', 'dryingandtinglinglips'], ['dryingandtinglinglips', 'slurredspeech'], ['slurredspeech', 'irritability'], ['irritability', 'palpitations']]"
"vomiting, fatigue, anxiety, sweating, headache, nausea, excessive_hunger, drying_and_tingling_lips, slurred_speech, irritability, palpitations","[['vomiting', 'fatigue'], ['fatigue', 'anxiety'], ['anxiety', 'sweating'], ['sweating', 'headache'], ['headache', 'nausea'], ['nausea', 'excessivehunger'], ['excessivehunger', 'dryingandtinglinglips'], ['dryingandtinglinglips', 'slurredspeech'], ['slurredspeech', 'irritability'], ['irritability', 'palpitations']]"
"joint_pain, neck_pain, knee_pain, hip_joint_pain, swelling_joints, painful_walking","[['jointpain', 'neckpain'], ['neckpain', 'kneepain'], ['kneepain', 'hipjointpain'], ['hipjointpain', 'swellingjoints'], ['swellingjoints', 'painfulwalking']]"
"neck_pain, knee_pain, hip_joint_pain, swelling_joints, painful_walking","[['neckpain', 'kneepain'], ['kneepain', 'hipjointpain'], ['hipjointpain', 'swellingjoints'], ['swellingjoints', 'painfulwalking']]"
"joint_pain, knee_pain, hip_joint_pain, swelling_joints, painful_walking","[['jointpain', 'kneepain'], ['kneepain', 'hipjointpain'], ['hipjointpain', 'swellingjoints'], ['swellingjoints', 'painfulwalking']]"
"joint_pain, neck_pain, hip_joint_pain, swelling_joints, painful_walking","[['jointpain', 'neckpain'], ['neckpain', 'hipjointpain'], ['hipjointpain', 'swellingjoints'], ['swellingjoints', 'painfulwalking']]"
"joint_pain, neck_pain, knee_pain, swelling_joints, painful_walking","[['jointpain', 'neckpain'], ['neckpain', 'kneepain'], ['kneepain', 'swellingjoints'], ['swellingjoints', 'painfulwalking']]"
"joint_pain, neck_pain, knee_pain, hip_joint_pain, painful_walking","[['jointpain', 'neckpain'], ['neckpain', 'kneepain'], ['kneepain', 'hipjointpain'], ['hipjointpain', 'painfulwalking']]"
"joint_pain, neck_pain, knee_pain, hip_joint_pain, swelling_joints","[['jointpain', 'neckpain'], ['neckpain', 'kneepain'], ['kneepain', 'hipjointpain'], ['hipjointpain', 'swellingjoints']]"
"muscle_weakness, stiff_neck, swelling_joints, movement_stiffness, painful_walking","[['muscleweakness', 'stiffneck'], ['stiffneck', 'swellingjoints'], ['swellingjoints', 'movementstiffness'], ['movementstiffness', 'painfulwalking']]"
"stiff_neck, swelling_joints, movement_stiffness, painful_walking","[['stiffneck', 'swellingjoints'], ['swellingjoints', 'movementstiffness'], ['movementstiffness', 'painfulwalking']]"
"muscle_weakness, swelling_joints, movement_stiffness, painful_walking","[['muscleweakness', 'swellingjoints'], ['swellingjoints', 'movementstiffness'], ['movementstiffness', 'painfulwalking']]"
"muscle_weakness, stiff_neck, movement_stiffness, painful_walking","[['muscleweakness', 'stiffneck'], ['stiffneck', 'movementstiffness'], ['movementstiffness', 'painfulwalking']]"
"muscle_weakness, stiff_neck, swelling_joints, painful_walking","[['muscleweakness', 'stiffneck'], ['stiffneck', 'swellingjoints'], ['swellingjoints', 'painfulwalking']]"
"muscle_weakness, stiff_neck, swelling_joints, movement_stiffness","[['muscleweakness', 'stiffneck'], ['stiffneck', 'swellingjoints'], ['swellingjoints', 'movementstiffness']]"
"vomiting, headache, nausea, spinning_movements, loss_of_balance, unsteadiness","[['vomiting', 'headache'], ['headache', 'nausea'], ['nausea', 'spinningmovements'], ['spinningmovements', 'lossofbalance'], ['lossofbalance', 'unsteadiness']]"
"headache, nausea, spinning_movements, loss_of_balance, unsteadiness","[['headache', 'nausea'], ['nausea', 'spinningmovements'], ['spinningmovements', 'lossofbalance'], ['lossofbalance', 'unsteadiness']]"
"vomiting, nausea, spinning_movements, loss_of_balance, unsteadiness","[['vomiting', 'nausea'], ['nausea', 'spinningmovements'], ['spinningmovements', 'lossofbalance'], ['lossofbalance', 'unsteadiness']]"
"vomiting, headache, spinning_movements, loss_of_balance, unsteadiness","[['vomiting', 'headache'], ['headache', 'spinningmovements'], ['spinningmovements', 'lossofbalance'], ['lossofbalance', 'unsteadiness']]"
"vomiting, headache, nausea, loss_of_balance, unsteadiness","[['vomiting', 'headache'], ['headache', 'nausea'], ['nausea', 'lossofbalance'], ['lossofbalance', 'unsteadiness']]"
"vomiting, headache, nausea, spinning_movements, unsteadiness","[['vomiting', 'headache'], ['headache', 'nausea'], ['nausea', 'spinningmovements'], ['spinningmovements', 'unsteadiness']]"
"vomiting, headache, nausea, spinning_movements, loss_of_balance","[['vomiting', 'headache'], ['headache', 'nausea'], ['nausea', 'spinningmovements'], ['spinningmovements', 'lossofbalance']]"
"skin_rash, pus_filled_pimples, blackheads, scurring","[['skinrash', 'pusfilledpimples'], ['pusfilledpimples', 'blackheads'], ['blackheads', 'scurring']]"
"pus_filled_pimples, blackheads, scurring","[['pusfilledpimples', 'blackheads'], ['blackheads', 'scurring']]"
"skin_rash, blackheads, scurring","[['skinrash', 'blackheads'], ['blackheads', 'scurring']]"
"skin_rash, pus_filled_pimples, scurring","[['skinrash', 'pusfilledpimples'], ['pusfilledpimples', 'scurring']]"
"skin_rash, pus_filled_pimples, blackheads","[['skinrash', 'pusfilledpimples'], ['pusfilledpimples', 'blackheads']]"
"burning_micturition, bladder_discomfort, foul_smell_of, urine, continuous_feel_of_urine","[['burningmicturition', 'bladderdiscomfort'], ['bladderdiscomfort', 'foulsmellof'], ['foulsmellof', 'urine'], ['urine', 'continuousfeelofurine']]"
"bladder_discomfort, foul_smell_of, urine, continuous_feel_of_urine","[['bladderdiscomfort', 'foulsmellof'], ['foulsmellof', 'urine'], ['urine', 'continuousfeelofurine']]"
"burning_micturition, foul_smell_of, urine, continuous_feel_of_urine","[['burningmicturition', 'foulsmellof'], ['foulsmellof', 'urine'], ['urine', 'continuousfeelofurine']]"
"burning_micturition, bladder_discomfort, continuous_feel_of_urine","[['burningmicturition', 'bladderdiscomfort'], ['bladderdiscomfort', 'continuousfeelofurine']]"
"burning_micturition, bladder_discomfort, foul_smell_of, urine","[['burningmicturition', 'bladderdiscomfort'], ['bladderdiscomfort', 'foulsmellof'], ['foulsmellof', 'urine']]"
"skin_rash, joint_pain, skin_peeling, silver_like_dusting, small_dents_in_nails, inflammatory_nails","[['skinrash', 'jointpain'], ['jointpain', 'skinpeeling'], ['skinpeeling', 'silverlikedusting'], ['silverlikedusting', 'smalldentsinnails'], ['smalldentsinnails', 'inflammatorynails']]"
"joint_pain, skin_peeling, silver_like_dusting, small_dents_in_nails, inflammatory_nails","[['jointpain', 'skinpeeling'], ['skinpeeling', 'silverlikedusting'], ['silverlikedusting', 'smalldentsinnails'], ['smalldentsinnails', 'inflammatorynails']]"
"skin_rash, skin_peeling, silver_like_dusting, small_dents_in_nails, inflammatory_nails","[['skinrash', 'skinpeeling'], ['skinpeeling', 'silverlikedusting'], ['silverlikedusting', 'smalldentsinnails'], ['smalldentsinnails', 'inflammatorynails']]"
"skin_rash, joint_pain, silver_like_dusting, small_dents_in_nails, inflammatory_nails","[['skinrash', 'jointpain'], ['jointpain', 'silverlikedusting'], ['silverlikedusting', 'smalldentsinnails'], ['smalldentsinnails', 'inflammatorynails']]"
"skin_rash, joint_pain, skin_peeling, small_dents_in_nails, inflammatory_nails","[['skinrash', 'jointpain'], ['jointpain', 'skinpeeling'], ['skinpeeling', 'smalldentsinnails'], ['smalldentsinnails', 'inflammatorynails']]"
"skin_rash, joint_pain, skin_peeling, silver_like_dusting, inflammatory_nails","[['skinrash', 'jointpain'], ['jointpain', 'skinpeeling'], ['skinpeeling', 'silverlikedusting'], ['silverlikedusting', 'inflammatorynails']]"
"skin_rash, joint_pain, skin_peeling, silver_like_dusting, small_dents_in_nails","[['skinrash', 'jointpain'], ['jointpain', 'skinpeeling'], ['skinpeeling', 'silverlikedusting'], ['silverlikedusting', 'smalldentsinnails']]"
"skin_rash, high_fever, blister, red_sore_around_nose, yellow_crust_ooze","[['skinrash', 'highfever'], ['highfever', 'blister'], ['blister', 'redsorearoundnose'], ['redsorearoundnose', 'yellowcrustooze']]"
"high_fever, blister, red_sore_around_nose, yellow_crust_ooze","[['highfever', 'blister'], ['blister', 'redsorearoundnose'], ['redsorearoundnose', 'yellowcrustooze']]"
"skin_rash, blister, red_sore_around_nose, yellow_crust_ooze","[['skinrash', 'blister'], ['blister', 'redsorearoundnose'], ['redsorearoundnose', 'yellowcrustooze']]"
"skin_rash, high_fever, red_sore_around_nose, yellow_crust_ooze","[['skinrash', 'highfever'], ['highfever', 'redsorearoundnose'], ['redsorearoundnose', 'yellowcrustooze']]"
"skin_rash, high_fever, blister, yellow_crust_ooze","[['skinrash', 'highfever'], ['highfever', 'blister'], ['blister', 'yellowcrustooze']]"
"skin_rash, high_fever, blister, red_sore_around_nose","[['skinrash', 'highfever'], ['highfever', 'blister'], ['blister', 'redsorearoundnose']]"
