Stemmed Disease,Stemmed Symptoms
disease,['symptom']
fungal infec,"['itch', 'skin_rash', 'nodal_skin_eruption', 'dischromic', '_patche']"
fungal infec,"['skin_rash', 'nodal_skin_eruption', 'dischromic', '_patche']"
fungal infec,"['itch', 'nodal_skin_eruption', 'dischromic', '_patche']"
fungal infec,"['itch', 'skin_rash', 'dischromic', '_patche']"
fungal infec,"['itch', 'skin_rash', 'nodal_skin_eruption']"
allergy,"['continuous_sneez', 'shiver', 'chill', 'watering_from_eye']"
allergy,"['shiver', 'chill', 'watering_from_eye']"
allergy,"['continuous_sneez', 'chill', 'watering_from_eye']"
allergy,"['continuous_sneez', 'shiver', 'watering_from_eye']"
allergy,"['continuous_sneez', 'shiver', 'chill']"
gerd,"['stomach_pain', 'acidity', 'ulcers_on_tongue', 'vomit', 'cough', 'chest_pain']"
gerd,"['stomach_pain', 'ulcers_on_tongue', 'vomit', 'cough', 'chest_pain']"
gerd,"['stomach_pain', 'acidity', 'vomit', 'cough', 'chest_pain']"
gerd,"['stomach_pain', 'acidity', 'ulcers_on_tongue', 'cough', 'chest_pain']"
gerd,"['stomach_pain', 'acidity', 'ulcers_on_tongue', 'vomit', 'chest_pain']"
gerd,"['stomach_pain', 'acidity', 'ulcers_on_tongue', 'vomit', 'cough']"
gerd,"['acidity', 'ulcers_on_tongue', 'vomit', 'cough', 'chest_pain']"
chronic cholestasi,"['itch', 'vomit', 'yellowish_skin', 'nausea', 'loss_of_appetite', 'abdominal_pain', 'yellowing_of_eye']"
chronic cholestasi,"['vomit', 'yellowish_skin', 'nausea', 'loss_of_appetite', 'abdominal_pain', 'yellowing_of_eye']"
chronic cholestasi,"['itch', 'yellowish_skin', 'nausea', 'loss_of_appetite', 'abdominal_pain', 'yellowing_of_eye']"
chronic cholestasi,"['itch', 'vomit', 'nausea', 'loss_of_appetite', 'abdominal_pain', 'yellowing_of_eye']"
chronic cholestasi,"['itch', 'vomit', 'yellowish_skin', 'loss_of_appetite', 'abdominal_pain', 'yellowing_of_eye']"
chronic cholestasi,"['itch', 'vomit', 'yellowish_skin', 'nausea', 'abdominal_pain', 'yellowing_of_eye']"
chronic cholestasi,"['itch', 'vomit', 'yellowish_skin', 'nausea', 'loss_of_appetite', 'yellowing_of_eye']"
chronic cholestasi,"['itch', 'vomit', 'yellowish_skin', 'nausea', 'loss_of_appetite', 'abdominal_pain']"
drug reac,"['itch', 'skin_rash', 'stomach_pain', 'burning_micturi', 'spotting_', 'urina']"
drug reac,"['itch', 'stomach_pain', 'burning_micturi', 'spotting_', 'urina']"
drug reac,"['itch', 'skin_rash', 'burning_micturi', 'spotting_', 'urina']"
drug reac,"['itch', 'skin_rash', 'stomach_pain', 'spotting_', 'urina']"
drug reac,"['itch', 'skin_rash', 'stomach_pain', 'burning_micturi']"
drug reac,"['skin_rash', 'stomach_pain', 'burning_micturi', 'spotting_', 'urina']"
peptic ulcer diseae,"['vomit', 'loss_of_appetite', 'abdominal_pain', 'passage_of_gase', 'internal_itch']"
peptic ulcer diseae,"['vomit', 'indiges', 'abdominal_pain', 'passage_of_gase', 'internal_itch']"
peptic ulcer diseae,"['indiges', 'loss_of_appetite', 'abdominal_pain', 'passage_of_gase', 'internal_itch']"
peptic ulcer diseae,"['vomit', 'indiges', 'loss_of_appetite', 'passage_of_gase', 'internal_itch']"
peptic ulcer diseae,"['vomit', 'indiges', 'loss_of_appetite', 'abdominal_pain', 'internal_itch']"
peptic ulcer diseae,"['vomit', 'indiges', 'loss_of_appetite', 'abdominal_pain', 'passage_of_gase']"
peptic ulcer diseae,"['vomit', 'indiges', 'loss_of_appetite', 'abdominal_pain', 'passage_of_gase', 'internal_itch']"
aid,"['muscle_wast', 'patches_in_throat', 'high_fev', 'extra_marital_contact']"
aid,"['patches_in_throat', 'high_fev', 'extra_marital_contact']"
aid,"['muscle_wast', 'high_fev', 'extra_marital_contact']"
aid,"['muscle_wast', 'patches_in_throat', 'extra_marital_contact']"
aid,"['muscle_wast', 'patches_in_throat', 'high_fev']"
diabetes ,"['fatigue', 'weight_los', 'restless', 'lethargy', 'irregular_sugar_level', 'blurred_and_distorted_vision', 'obesity', 'excessive_hung', 'increased_appetite', 'polyuria']"
diabetes ,"['weight_los', 'restless', 'lethargy', 'irregular_sugar_level', 'blurred_and_distorted_vision', 'obesity', 'excessive_hung', 'increased_appetite', 'polyuria']"
diabetes ,"['fatigue', 'restless', 'lethargy', 'irregular_sugar_level', 'blurred_and_distorted_vision', 'obesity', 'excessive_hung', 'increased_appetite', 'polyuria']"
diabetes ,"['fatigue', 'weight_los', 'lethargy', 'irregular_sugar_level', 'blurred_and_distorted_vision', 'obesity', 'excessive_hung', 'increased_appetite', 'polyuria']"
diabetes ,"['fatigue', 'weight_los', 'restless', 'irregular_sugar_level', 'blurred_and_distorted_vision', 'obesity', 'excessive_hung', 'increased_appetite', 'polyuria']"
diabetes ,"['fatigue', 'weight_los', 'restless', 'lethargy', 'blurred_and_distorted_vision', 'obesity', 'excessive_hung', 'increased_appetite', 'polyuria']"
diabetes ,"['fatigue', 'weight_los', 'restless', 'lethargy', 'irregular_sugar_level', 'obesity', 'excessive_hung', 'increased_appetite', 'polyuria']"
diabetes ,"['fatigue', 'weight_los', 'restless', 'lethargy', 'irregular_sugar_level', 'blurred_and_distorted_vision', 'excessive_hung', 'increased_appetite', 'polyuria']"
diabetes ,"['fatigue', 'weight_los', 'restless', 'lethargy', 'irregular_sugar_level', 'blurred_and_distorted_vision', 'obesity', 'increased_appetite', 'polyuria']"
gastroenteriti,"['vomit', 'sunken_eye', 'dehydra', 'diarrhoea']"
gastroenteriti,"['sunken_eye', 'dehydra', 'diarrhoea']"
gastroenteriti,"['vomit', 'dehydra', 'diarrhoea']"
gastroenteriti,"['vomit', 'sunken_eye', 'diarrhoea']"
gastroenteriti,"['vomit', 'sunken_eye', 'dehydra']"
bronchial asthma,"['fatigue', 'cough', 'high_fev', 'breathless', 'family_history', 'mucoid_sputum']"
bronchial asthma,"['cough', 'high_fev', 'breathless', 'family_history', 'mucoid_sputum']"
bronchial asthma,"['fatigue', 'high_fev', 'breathless', 'family_history', 'mucoid_sputum']"
bronchial asthma,"['fatigue', 'cough', 'breathless', 'family_history', 'mucoid_sputum']"
bronchial asthma,"['fatigue', 'cough', 'high_fev', 'family_history', 'mucoid_sputum']"
bronchial asthma,"['fatigue', 'cough', 'high_fev', 'breathless', 'mucoid_sputum']"
bronchial asthma,"['fatigue', 'cough', 'high_fev', 'breathless', 'family_history']"
hypertension ,"['headache', 'chest_pain', 'dizzi', 'loss_of_balance', 'lack_of_concentra']"
hypertension ,"['chest_pain', 'dizzi', 'loss_of_balance', 'lack_of_concentra']"
hypertension ,"['headache', 'dizzi', 'loss_of_balance', 'lack_of_concentra']"
hypertension ,"['headache', 'chest_pain', 'loss_of_balance', 'lack_of_concentra']"
hypertension ,"['headache', 'chest_pain', 'dizzi', 'lack_of_concentra']"
hypertension ,"['headache', 'chest_pain', 'dizzi', 'loss_of_balance']"
migraine,"['acidity', 'indiges', 'headache', 'blurred_and_distorted_vision', 'excessive_hung', 'stiff_neck', 'depression', 'irritability', 'visual_disturbance']"
migraine,"['indiges', 'headache', 'blurred_and_distorted_vision', 'excessive_hung', 'stiff_neck', 'depression', 'irritability', 'visual_disturbance']"
migraine,"['acidity', 'headache', 'blurred_and_distorted_vision', 'excessive_hung', 'stiff_neck', 'depression', 'irritability', 'visual_disturbance']"
migraine,"['acidity', 'indiges', 'blurred_and_distorted_vision', 'excessive_hung', 'stiff_neck', 'depression', 'irritability', 'visual_disturbance']"
migraine,"['acidity', 'indiges', 'headache', 'excessive_hung', 'stiff_neck', 'depression', 'irritability', 'visual_disturbance']"
migraine,"['acidity', 'indiges', 'headache', 'blurred_and_distorted_vision', 'stiff_neck', 'depression', 'irritability', 'visual_disturbance']"
migraine,"['acidity', 'indiges', 'headache', 'blurred_and_distorted_vision', 'excessive_hung', 'depression', 'irritability', 'visual_disturbance']"
migraine,"['acidity', 'indiges', 'headache', 'blurred_and_distorted_vision', 'excessive_hung', 'stiff_neck', 'irritability', 'visual_disturbance']"
migraine,"['acidity', 'indiges', 'headache', 'blurred_and_distorted_vision', 'excessive_hung', 'stiff_neck', 'depression', 'visual_disturbance']"
migraine,"['acidity', 'indiges', 'headache', 'blurred_and_distorted_vision', 'excessive_hung', 'stiff_neck', 'depression', 'irritability']"
cervical spondylosi,"['back_pain', 'weakness_in_limb', 'neck_pain', 'dizzi', 'loss_of_balance']"
cervical spondylosi,"['weakness_in_limb', 'neck_pain', 'dizzi', 'loss_of_balance']"
cervical spondylosi,"['back_pain', 'neck_pain', 'dizzi', 'loss_of_balance']"
cervical spondylosi,"['back_pain', 'weakness_in_limb', 'dizzi', 'loss_of_balance']"
cervical spondylosi,"['back_pain', 'weakness_in_limb', 'neck_pain', 'loss_of_balance']"
cervical spondylosi,"['back_pain', 'weakness_in_limb', 'neck_pain', 'dizzi']"
paralysis (brain hemorrhage),"['vomit', 'headache', 'weakness_of_one_body_side', 'altered_sensorium']"
paralysis (brain hemorrhage),"['headache', 'weakness_of_one_body_side', 'altered_sensorium']"
paralysis (brain hemorrhage),"['vomit', 'weakness_of_one_body_side', 'altered_sensorium']"
paralysis (brain hemorrhage),"['vomit', 'headache', 'altered_sensorium']"
paralysis (brain hemorrhage),"['vomit', 'headache', 'weakness_of_one_body_side']"
jaundice,"['itch', 'vomit', 'fatigue', 'weight_los', 'high_fev', 'yellowish_skin', 'dark_urine', 'abdominal_pain']"
jaundice,"['vomit', 'fatigue', 'weight_los', 'high_fev', 'yellowish_skin', 'dark_urine', 'abdominal_pain']"
jaundice,"['itch', 'fatigue', 'weight_los', 'high_fev', 'yellowish_skin', 'dark_urine', 'abdominal_pain']"
jaundice,"['itch', 'vomit', 'weight_los', 'high_fev', 'yellowish_skin', 'dark_urine', 'abdominal_pain']"
jaundice,"['itch', 'vomit', 'fatigue', 'high_fev', 'yellowish_skin', 'dark_urine', 'abdominal_pain']"
jaundice,"['itch', 'vomit', 'fatigue', 'weight_los', 'yellowish_skin', 'dark_urine', 'abdominal_pain']"
jaundice,"['itch', 'vomit', 'fatigue', 'weight_los', 'high_fev', 'dark_urine', 'abdominal_pain']"
jaundice,"['itch', 'vomit', 'fatigue', 'weight_los', 'high_fev', 'yellowish_skin', 'abdominal_pain']"
jaundice,"['itch', 'vomit', 'fatigue', 'weight_los', 'high_fev', 'yellowish_skin', 'dark_urine']"
malaria,"['chill', 'vomit', 'high_fev', 'sweat', 'headache', 'nausea', 'muscle_pain']"
malaria,"['chill', 'vomit', 'high_fev', 'sweat', 'headache', 'nausea', 'diarrhoea', 'muscle_pain']"
malaria,"['vomit', 'high_fev', 'sweat', 'headache', 'nausea', 'diarrhoea', 'muscle_pain']"
malaria,"['chill', 'high_fev', 'sweat', 'headache', 'nausea', 'diarrhoea', 'muscle_pain']"
malaria,"['chill', 'vomit', 'sweat', 'headache', 'nausea', 'diarrhoea', 'muscle_pain']"
malaria,"['chill', 'vomit', 'high_fev', 'headache', 'nausea', 'diarrhoea', 'muscle_pain']"
malaria,"['chill', 'vomit', 'high_fev', 'sweat', 'nausea', 'diarrhoea', 'muscle_pain']"
malaria,"['chill', 'vomit', 'high_fev', 'sweat', 'headache', 'diarrhoea', 'muscle_pain']"
chicken pox,"['itch', 'skin_rash', 'fatigue', 'lethargy', 'high_fev', 'headache', 'loss_of_appetite', 'mild_fev', 'swelled_lymph_node', 'mala', 'red_spots_over_body']"
chicken pox,"['skin_rash', 'fatigue', 'lethargy', 'high_fev', 'headache', 'loss_of_appetite', 'mild_fev', 'swelled_lymph_node', 'mala', 'red_spots_over_body']"
chicken pox,"['itch', 'fatigue', 'lethargy', 'high_fev', 'headache', 'loss_of_appetite', 'mild_fev', 'swelled_lymph_node', 'mala', 'red_spots_over_body']"
chicken pox,"['itch', 'skin_rash', 'lethargy', 'high_fev', 'headache', 'loss_of_appetite', 'mild_fev', 'swelled_lymph_node', 'mala', 'red_spots_over_body']"
chicken pox,"['itch', 'skin_rash', 'fatigue', 'high_fev', 'headache', 'loss_of_appetite', 'mild_fev', 'swelled_lymph_node', 'mala', 'red_spots_over_body']"
chicken pox,"['itch', 'skin_rash', 'fatigue', 'lethargy', 'headache', 'loss_of_appetite', 'mild_fev', 'swelled_lymph_node', 'mala', 'red_spots_over_body']"
chicken pox,"['itch', 'skin_rash', 'fatigue', 'lethargy', 'high_fev', 'loss_of_appetite', 'mild_fev', 'swelled_lymph_node', 'mala', 'red_spots_over_body']"
chicken pox,"['itch', 'skin_rash', 'fatigue', 'lethargy', 'high_fev', 'headache', 'mild_fev', 'swelled_lymph_node', 'mala', 'red_spots_over_body']"
chicken pox,"['itch', 'skin_rash', 'fatigue', 'lethargy', 'high_fev', 'headache', 'loss_of_appetite', 'swelled_lymph_node', 'mala', 'red_spots_over_body']"
chicken pox,"['itch', 'skin_rash', 'fatigue', 'lethargy', 'high_fev', 'headache', 'loss_of_appetite', 'mild_fev', 'mala', 'red_spots_over_body']"
dengue,"['skin_rash', 'chill', 'joint_pain', 'vomit', 'fatigue', 'high_fev', 'headache', 'nausea', 'loss_of_appetite', 'pain_behind_the_eye', 'back_pain', 'muscle_pain', 'red_spots_over_body']"
dengue,"['skin_rash', 'chill', 'joint_pain', 'vomit', 'fatigue', 'high_fev', 'headache', 'nausea', 'loss_of_appetite', 'pain_behind_the_eye', 'back_pain', 'mala', 'red_spots_over_body']"
dengue,"['skin_rash', 'chill', 'joint_pain', 'vomit', 'fatigue', 'high_fev', 'headache', 'nausea', 'loss_of_appetite', 'pain_behind_the_eye', 'back_pain', 'mala', 'muscle_pain']"
dengue,"['skin_rash', 'chill', 'joint_pain', 'vomit', 'fatigue', 'high_fev', 'headache', 'nausea', 'loss_of_appetite', 'pain_behind_the_eye', 'back_pain', 'mala', 'muscle_pain', 'red_spots_over_body']"
dengue,"['chill', 'joint_pain', 'vomit', 'fatigue', 'high_fev', 'headache', 'nausea', 'loss_of_appetite', 'pain_behind_the_eye', 'back_pain', 'mala', 'muscle_pain', 'red_spots_over_body']"
dengue,"['skin_rash', 'joint_pain', 'vomit', 'fatigue', 'high_fev', 'headache', 'nausea', 'loss_of_appetite', 'pain_behind_the_eye', 'back_pain', 'mala', 'muscle_pain', 'red_spots_over_body']"
dengue,"['skin_rash', 'chill', 'vomit', 'fatigue', 'high_fev', 'headache', 'nausea', 'loss_of_appetite', 'pain_behind_the_eye', 'back_pain', 'mala', 'muscle_pain', 'red_spots_over_body']"
dengue,"['skin_rash', 'chill', 'joint_pain', 'fatigue', 'high_fev', 'headache', 'nausea', 'loss_of_appetite', 'pain_behind_the_eye', 'back_pain', 'mala', 'muscle_pain', 'red_spots_over_body']"
dengue,"['skin_rash', 'chill', 'joint_pain', 'vomit', 'high_fev', 'headache', 'nausea', 'loss_of_appetite', 'pain_behind_the_eye', 'back_pain', 'mala', 'muscle_pain', 'red_spots_over_body']"
dengue,"['skin_rash', 'chill', 'joint_pain', 'vomit', 'fatigue', 'headache', 'nausea', 'loss_of_appetite', 'pain_behind_the_eye', 'back_pain', 'mala', 'muscle_pain', 'red_spots_over_body']"
typhoid,"['chill', 'vomit', 'fatigue', 'high_fev', 'nausea', 'constipa', 'abdominal_pain', 'diarrhoea', 'toxic_look_(typhos)', 'belly_pain']"
typhoid,"['chill', 'vomit', 'fatigue', 'high_fev', 'headache', 'constipa', 'abdominal_pain', 'diarrhoea', 'toxic_look_(typhos)', 'belly_pain']"
typhoid,"['chill', 'vomit', 'fatigue', 'high_fev', 'headache', 'nausea', 'abdominal_pain', 'diarrhoea', 'toxic_look_(typhos)', 'belly_pain']"
typhoid,"['chill', 'vomit', 'fatigue', 'high_fev', 'headache', 'nausea', 'constipa', 'diarrhoea', 'toxic_look_(typhos)', 'belly_pain']"
typhoid,"['chill', 'vomit', 'fatigue', 'high_fev', 'headache', 'nausea', 'constipa', 'abdominal_pain', 'toxic_look_(typhos)', 'belly_pain']"
typhoid,"['chill', 'vomit', 'fatigue', 'high_fev', 'headache', 'nausea', 'constipa', 'abdominal_pain', 'diarrhoea', 'belly_pain']"
typhoid,"['chill', 'vomit', 'fatigue', 'high_fev', 'headache', 'nausea', 'constipa', 'abdominal_pain', 'diarrhoea', 'toxic_look_(typhos)']"
typhoid,"['chill', 'vomit', 'fatigue', 'high_fev', 'headache', 'nausea', 'constipa', 'abdominal_pain', 'diarrhoea', 'toxic_look_(typhos)', 'belly_pain']"
typhoid,"['chill', 'fatigue', 'high_fev', 'headache', 'nausea', 'constipa', 'abdominal_pain', 'diarrhoea', 'toxic_look_(typhos)', 'belly_pain']"
hepatitis a,"['joint_pain', 'vomit', 'yellowish_skin', 'dark_urine', 'nausea', 'loss_of_appetite', 'abdominal_pain', 'diarrhoea', 'mild_fev', 'yellowing_of_eye', 'muscle_pain']"
hepatitis a,"['vomit', 'yellowish_skin', 'dark_urine', 'nausea', 'loss_of_appetite', 'abdominal_pain', 'diarrhoea', 'mild_fev', 'yellowing_of_eye', 'muscle_pain']"
hepatitis a,"['joint_pain', 'yellowish_skin', 'dark_urine', 'nausea', 'loss_of_appetite', 'abdominal_pain', 'diarrhoea', 'mild_fev', 'yellowing_of_eye', 'muscle_pain']"
hepatitis a,"['joint_pain', 'vomit', 'dark_urine', 'nausea', 'loss_of_appetite', 'abdominal_pain', 'diarrhoea', 'mild_fev', 'yellowing_of_eye', 'muscle_pain']"
hepatitis a,"['joint_pain', 'vomit', 'yellowish_skin', 'nausea', 'loss_of_appetite', 'abdominal_pain', 'diarrhoea', 'mild_fev', 'yellowing_of_eye', 'muscle_pain']"
hepatitis a,"['joint_pain', 'vomit', 'yellowish_skin', 'dark_urine', 'loss_of_appetite', 'abdominal_pain', 'diarrhoea', 'mild_fev', 'yellowing_of_eye', 'muscle_pain']"
hepatitis a,"['joint_pain', 'vomit', 'yellowish_skin', 'dark_urine', 'nausea', 'abdominal_pain', 'diarrhoea', 'mild_fev', 'yellowing_of_eye', 'muscle_pain']"
hepatitis a,"['joint_pain', 'vomit', 'yellowish_skin', 'dark_urine', 'nausea', 'loss_of_appetite', 'diarrhoea', 'mild_fev', 'yellowing_of_eye', 'muscle_pain']"
hepatitis a,"['joint_pain', 'vomit', 'yellowish_skin', 'dark_urine', 'nausea', 'loss_of_appetite', 'abdominal_pain', 'mild_fev', 'yellowing_of_eye', 'muscle_pain']"
hepatitis b,"['itch', 'fatigue', 'lethargy', 'yellowish_skin', 'dark_urine', 'loss_of_appetite', 'abdominal_pain', 'yellow_urine', 'yellowing_of_eye', 'mala', 'receiving_blood_transfusion', 'receiving_unsterile_injection']"
hepatitis b,"['fatigue', 'lethargy', 'yellowish_skin', 'dark_urine', 'loss_of_appetite', 'abdominal_pain', 'yellow_urine', 'yellowing_of_eye', 'mala', 'receiving_blood_transfusion', 'receiving_unsterile_injection']"
hepatitis b,"['itch', 'lethargy', 'yellowish_skin', 'dark_urine', 'loss_of_appetite', 'abdominal_pain', 'yellow_urine', 'yellowing_of_eye', 'mala', 'receiving_blood_transfusion', 'receiving_unsterile_injection']"
hepatitis b,"['itch', 'fatigue', 'yellowish_skin', 'dark_urine', 'loss_of_appetite', 'abdominal_pain', 'yellow_urine', 'yellowing_of_eye', 'mala', 'receiving_blood_transfusion', 'receiving_unsterile_injection']"
hepatitis b,"['itch', 'fatigue', 'lethargy', 'dark_urine', 'loss_of_appetite', 'abdominal_pain', 'yellow_urine', 'yellowing_of_eye', 'mala', 'receiving_blood_transfusion', 'receiving_unsterile_injection']"
hepatitis b,"['itch', 'fatigue', 'lethargy', 'yellowish_skin', 'loss_of_appetite', 'abdominal_pain', 'yellow_urine', 'yellowing_of_eye', 'mala', 'receiving_blood_transfusion', 'receiving_unsterile_injection']"
hepatitis b,"['itch', 'fatigue', 'lethargy', 'yellowish_skin', 'dark_urine', 'abdominal_pain', 'yellow_urine', 'yellowing_of_eye', 'mala', 'receiving_blood_transfusion', 'receiving_unsterile_injection']"
hepatitis b,"['itch', 'fatigue', 'lethargy', 'yellowish_skin', 'dark_urine', 'loss_of_appetite', 'yellow_urine', 'yellowing_of_eye', 'mala', 'receiving_blood_transfusion', 'receiving_unsterile_injection']"
hepatitis b,"['itch', 'fatigue', 'lethargy', 'yellowish_skin', 'dark_urine', 'loss_of_appetite', 'abdominal_pain', 'yellowing_of_eye', 'mala', 'receiving_blood_transfusion', 'receiving_unsterile_injection']"
hepatitis c,"['fatigue', 'yellowish_skin', 'nausea', 'loss_of_appetite', 'family_history']"
hepatitis c,"['fatigue', 'yellowish_skin', 'nausea', 'loss_of_appetite', 'yellowing_of_eye', 'family_history']"
hepatitis c,"['yellowish_skin', 'nausea', 'loss_of_appetite', 'yellowing_of_eye', 'family_history']"
hepatitis c,"['fatigue', 'nausea', 'loss_of_appetite', 'yellowing_of_eye', 'family_history']"
hepatitis c,"['fatigue', 'yellowish_skin', 'loss_of_appetite', 'yellowing_of_eye', 'family_history']"
hepatitis c,"['fatigue', 'yellowish_skin', 'nausea', 'yellowing_of_eye', 'family_history']"
hepatitis c,"['fatigue', 'yellowish_skin', 'nausea', 'loss_of_appetite', 'yellowing_of_eye']"
hepatitis d,"['joint_pain', 'vomit', 'fatigue', 'yellowish_skin', 'dark_urine', 'nausea', 'loss_of_appetite', 'abdominal_pain', 'yellowing_of_eye']"
hepatitis d,"['vomit', 'fatigue', 'yellowish_skin', 'dark_urine', 'nausea', 'loss_of_appetite', 'abdominal_pain', 'yellowing_of_eye']"
hepatitis d,"['joint_pain', 'fatigue', 'yellowish_skin', 'dark_urine', 'nausea', 'loss_of_appetite', 'abdominal_pain', 'yellowing_of_eye']"
hepatitis d,"['joint_pain', 'vomit', 'yellowish_skin', 'dark_urine', 'nausea', 'loss_of_appetite', 'abdominal_pain', 'yellowing_of_eye']"
hepatitis d,"['joint_pain', 'vomit', 'fatigue', 'dark_urine', 'nausea', 'loss_of_appetite', 'abdominal_pain', 'yellowing_of_eye']"
hepatitis d,"['joint_pain', 'vomit', 'fatigue', 'yellowish_skin', 'nausea', 'loss_of_appetite', 'abdominal_pain', 'yellowing_of_eye']"
hepatitis d,"['joint_pain', 'vomit', 'fatigue', 'yellowish_skin', 'dark_urine', 'loss_of_appetite', 'abdominal_pain', 'yellowing_of_eye']"
hepatitis d,"['joint_pain', 'vomit', 'fatigue', 'yellowish_skin', 'dark_urine', 'nausea', 'abdominal_pain', 'yellowing_of_eye']"
hepatitis d,"['joint_pain', 'vomit', 'fatigue', 'yellowish_skin', 'dark_urine', 'nausea', 'loss_of_appetite', 'yellowing_of_eye']"
hepatitis d,"['joint_pain', 'vomit', 'fatigue', 'yellowish_skin', 'dark_urine', 'nausea', 'loss_of_appetite', 'abdominal_pain']"
hepatitis e,"['joint_pain', 'vomit', 'fatigue', 'high_fev', 'yellowish_skin', 'dark_urine', 'nausea', 'loss_of_appetite', 'abdominal_pain', 'yellowing_of_eye', 'coma', 'stomach_bleed']"
hepatitis e,"['joint_pain', 'vomit', 'fatigue', 'high_fev', 'yellowish_skin', 'dark_urine', 'nausea', 'loss_of_appetite', 'abdominal_pain', 'yellowing_of_eye', 'acute_liver_failure', 'coma', 'stomach_bleed']"
hepatitis e,"['vomit', 'fatigue', 'high_fev', 'yellowish_skin', 'dark_urine', 'nausea', 'loss_of_appetite', 'abdominal_pain', 'yellowing_of_eye', 'acute_liver_failure', 'coma', 'stomach_bleed']"
hepatitis e,"['joint_pain', 'fatigue', 'high_fev', 'yellowish_skin', 'dark_urine', 'nausea', 'loss_of_appetite', 'abdominal_pain', 'yellowing_of_eye', 'acute_liver_failure', 'coma', 'stomach_bleed']"
hepatitis e,"['joint_pain', 'vomit', 'high_fev', 'yellowish_skin', 'dark_urine', 'nausea', 'loss_of_appetite', 'abdominal_pain', 'yellowing_of_eye', 'acute_liver_failure', 'coma', 'stomach_bleed']"
hepatitis e,"['joint_pain', 'vomit', 'fatigue', 'yellowish_skin', 'dark_urine', 'nausea', 'loss_of_appetite', 'abdominal_pain', 'yellowing_of_eye', 'acute_liver_failure', 'coma', 'stomach_bleed']"
hepatitis e,"['joint_pain', 'vomit', 'fatigue', 'high_fev', 'dark_urine', 'nausea', 'loss_of_appetite', 'abdominal_pain', 'yellowing_of_eye', 'acute_liver_failure', 'coma', 'stomach_bleed']"
hepatitis e,"['joint_pain', 'vomit', 'fatigue', 'high_fev', 'yellowish_skin', 'nausea', 'loss_of_appetite', 'abdominal_pain', 'yellowing_of_eye', 'acute_liver_failure', 'coma', 'stomach_bleed']"
hepatitis e,"['joint_pain', 'vomit', 'fatigue', 'high_fev', 'yellowish_skin', 'dark_urine', 'loss_of_appetite', 'abdominal_pain', 'yellowing_of_eye', 'acute_liver_failure', 'coma', 'stomach_bleed']"
alcoholic hepatiti,"['vomit', 'yellowish_skin', 'abdominal_pain', 'swelling_of_stomach', 'distention_of_abdomen', 'history_of_alcohol_consump', 'fluid_overload']"
alcoholic hepatiti,"['yellowish_skin', 'abdominal_pain', 'swelling_of_stomach', 'distention_of_abdomen', 'history_of_alcohol_consump', 'fluid_overload']"
alcoholic hepatiti,"['vomit', 'abdominal_pain', 'swelling_of_stomach', 'distention_of_abdomen', 'history_of_alcohol_consump', 'fluid_overload']"
alcoholic hepatiti,"['vomit', 'yellowish_skin', 'swelling_of_stomach', 'distention_of_abdomen', 'history_of_alcohol_consump', 'fluid_overload']"
alcoholic hepatiti,"['vomit', 'yellowish_skin', 'abdominal_pain', 'distention_of_abdomen', 'history_of_alcohol_consump', 'fluid_overload']"
alcoholic hepatiti,"['vomit', 'yellowish_skin', 'abdominal_pain', 'swelling_of_stomach', 'history_of_alcohol_consump', 'fluid_overload']"
alcoholic hepatiti,"['vomit', 'yellowish_skin', 'abdominal_pain', 'swelling_of_stomach', 'distention_of_abdomen', 'fluid_overload']"
alcoholic hepatiti,"['vomit', 'yellowish_skin', 'abdominal_pain', 'swelling_of_stomach', 'distention_of_abdomen', 'history_of_alcohol_consump']"
tuberculosi,"['chill', 'vomit', 'fatigue', 'weight_los', 'cough', 'high_fev', 'breathless', 'sweat', 'loss_of_appetite', 'mild_fev', 'yellowing_of_eye', 'swelled_lymph_node', 'mala', 'phlegm', 'chest_pain', 'blood_in_sputum']"
tuberculosi,"['vomit', 'fatigue', 'weight_los', 'cough', 'high_fev', 'breathless', 'sweat', 'loss_of_appetite', 'mild_fev', 'yellowing_of_eye', 'swelled_lymph_node', 'mala', 'phlegm', 'chest_pain', 'blood_in_sputum']"
tuberculosi,"['chill', 'fatigue', 'weight_los', 'cough', 'high_fev', 'breathless', 'sweat', 'loss_of_appetite', 'mild_fev', 'yellowing_of_eye', 'swelled_lymph_node', 'mala', 'phlegm', 'chest_pain', 'blood_in_sputum']"
tuberculosi,"['chill', 'vomit', 'weight_los', 'cough', 'high_fev', 'breathless', 'sweat', 'loss_of_appetite', 'mild_fev', 'yellowing_of_eye', 'swelled_lymph_node', 'mala', 'phlegm', 'chest_pain', 'blood_in_sputum']"
tuberculosi,"['chill', 'vomit', 'fatigue', 'cough', 'high_fev', 'breathless', 'sweat', 'loss_of_appetite', 'mild_fev', 'yellowing_of_eye', 'swelled_lymph_node', 'mala', 'phlegm', 'chest_pain', 'blood_in_sputum']"
tuberculosi,"['chill', 'vomit', 'fatigue', 'weight_los', 'high_fev', 'breathless', 'sweat', 'loss_of_appetite', 'mild_fev', 'yellowing_of_eye', 'swelled_lymph_node', 'mala', 'phlegm', 'chest_pain', 'blood_in_sputum']"
tuberculosi,"['chill', 'vomit', 'fatigue', 'weight_los', 'cough', 'breathless', 'sweat', 'loss_of_appetite', 'mild_fev', 'yellowing_of_eye', 'swelled_lymph_node', 'mala', 'phlegm', 'chest_pain', 'blood_in_sputum']"
tuberculosi,"['chill', 'vomit', 'fatigue', 'weight_los', 'cough', 'high_fev', 'sweat', 'loss_of_appetite', 'mild_fev', 'yellowing_of_eye', 'swelled_lymph_node', 'mala', 'phlegm', 'chest_pain', 'blood_in_sputum']"
tuberculosi,"['chill', 'vomit', 'fatigue', 'weight_los', 'cough', 'high_fev', 'breathless', 'loss_of_appetite', 'mild_fev', 'yellowing_of_eye', 'swelled_lymph_node', 'mala', 'phlegm', 'chest_pain', 'blood_in_sputum']"
common cold,"['continuous_sneez', 'chill', 'fatigue', 'cough', 'high_fev', 'headache', 'swelled_lymph_node', 'mala', 'phlegm', 'throat_irrita', 'redness_of_eye', 'sinus_pressure', 'runny_nose', 'conges', 'chest_pain', 'loss_of_smell', 'muscle_pain']"
common cold,"['chill', 'fatigue', 'cough', 'high_fev', 'headache', 'swelled_lymph_node', 'mala', 'phlegm', 'throat_irrita', 'redness_of_eye', 'sinus_pressure', 'runny_nose', 'conges', 'chest_pain', 'loss_of_smell', 'muscle_pain']"
common cold,"['continuous_sneez', 'fatigue', 'cough', 'high_fev', 'headache', 'swelled_lymph_node', 'mala', 'phlegm', 'throat_irrita', 'redness_of_eye', 'sinus_pressure', 'runny_nose', 'conges', 'chest_pain', 'loss_of_smell', 'muscle_pain']"
common cold,"['continuous_sneez', 'chill', 'cough', 'high_fev', 'headache', 'swelled_lymph_node', 'mala', 'phlegm', 'throat_irrita', 'redness_of_eye', 'sinus_pressure', 'runny_nose', 'conges', 'chest_pain', 'loss_of_smell', 'muscle_pain']"
common cold,"['continuous_sneez', 'chill', 'fatigue', 'high_fev', 'headache', 'swelled_lymph_node', 'mala', 'phlegm', 'throat_irrita', 'redness_of_eye', 'sinus_pressure', 'runny_nose', 'conges', 'chest_pain', 'loss_of_smell', 'muscle_pain']"
common cold,"['continuous_sneez', 'chill', 'fatigue', 'cough', 'headache', 'swelled_lymph_node', 'mala', 'phlegm', 'throat_irrita', 'redness_of_eye', 'sinus_pressure', 'runny_nose', 'conges', 'chest_pain', 'loss_of_smell', 'muscle_pain']"
common cold,"['continuous_sneez', 'chill', 'fatigue', 'cough', 'high_fev', 'swelled_lymph_node', 'mala', 'phlegm', 'throat_irrita', 'redness_of_eye', 'sinus_pressure', 'runny_nose', 'conges', 'chest_pain', 'loss_of_smell', 'muscle_pain']"
common cold,"['continuous_sneez', 'chill', 'fatigue', 'cough', 'high_fev', 'headache', 'mala', 'phlegm', 'throat_irrita', 'redness_of_eye', 'sinus_pressure', 'runny_nose', 'conges', 'chest_pain', 'loss_of_smell', 'muscle_pain']"
common cold,"['continuous_sneez', 'chill', 'fatigue', 'cough', 'high_fev', 'headache', 'swelled_lymph_node', 'phlegm', 'throat_irrita', 'redness_of_eye', 'sinus_pressure', 'runny_nose', 'conges', 'chest_pain', 'loss_of_smell', 'muscle_pain']"
pneumonia,"['chill', 'fatigue', 'cough', 'high_fev', 'breathless', 'sweat', 'mala', 'chest_pain', 'fast_heart_rate', 'rusty_sputum']"
pneumonia,"['chill', 'fatigue', 'cough', 'high_fev', 'breathless', 'sweat', 'mala', 'phlegm', 'chest_pain', 'fast_heart_rate', 'rusty_sputum']"
pneumonia,"['fatigue', 'cough', 'high_fev', 'breathless', 'sweat', 'mala', 'phlegm', 'chest_pain', 'fast_heart_rate', 'rusty_sputum']"
pneumonia,"['chill', 'cough', 'high_fev', 'breathless', 'sweat', 'mala', 'phlegm', 'chest_pain', 'fast_heart_rate', 'rusty_sputum']"
pneumonia,"['chill', 'fatigue', 'high_fev', 'breathless', 'sweat', 'mala', 'phlegm', 'chest_pain', 'fast_heart_rate', 'rusty_sputum']"
pneumonia,"['chill', 'fatigue', 'cough', 'breathless', 'sweat', 'mala', 'phlegm', 'chest_pain', 'fast_heart_rate', 'rusty_sputum']"
pneumonia,"['chill', 'fatigue', 'cough', 'high_fev', 'sweat', 'mala', 'phlegm', 'chest_pain', 'fast_heart_rate', 'rusty_sputum']"
pneumonia,"['chill', 'fatigue', 'cough', 'high_fev', 'breathless', 'mala', 'phlegm', 'chest_pain', 'fast_heart_rate', 'rusty_sputum']"
pneumonia,"['chill', 'fatigue', 'cough', 'high_fev', 'breathless', 'sweat', 'phlegm', 'chest_pain', 'fast_heart_rate', 'rusty_sputum']"
dimorphic hemmorhoids(piles),"['constipa', 'pain_during_bowel_movement', 'pain_in_anal_region', 'bloody_stool', 'irritation_in_anu']"
dimorphic hemmorhoids(piles),"['pain_during_bowel_movement', 'pain_in_anal_region', 'bloody_stool', 'irritation_in_anu']"
dimorphic hemmorhoids(piles),"['constipa', 'pain_in_anal_region', 'bloody_stool', 'irritation_in_anu']"
dimorphic hemmorhoids(piles),"['constipa', 'pain_during_bowel_movement', 'bloody_stool', 'irritation_in_anu']"
dimorphic hemmorhoids(piles),"['constipa', 'pain_during_bowel_movement', 'pain_in_anal_region', 'irritation_in_anu']"
dimorphic hemmorhoids(piles),"['constipa', 'pain_during_bowel_movement', 'pain_in_anal_region', 'bloody_stool']"
heart attack,"['vomit', 'breathless', 'sweat', 'chest_pain']"
heart attack,"['breathless', 'sweat', 'chest_pain']"
heart attack,"['vomit', 'sweat', 'chest_pain']"
heart attack,"['vomit', 'breathless', 'chest_pain']"
heart attack,"['vomit', 'breathless', 'sweat']"
varicose vein,"['fatigue', 'cramp', 'bruis', 'obesity', 'swollen_leg', 'swollen_blood_vessel', 'prominent_veins_on_calf']"
varicose vein,"['cramp', 'bruis', 'obesity', 'swollen_leg', 'swollen_blood_vessel', 'prominent_veins_on_calf']"
varicose vein,"['fatigue', 'bruis', 'obesity', 'swollen_leg', 'swollen_blood_vessel', 'prominent_veins_on_calf']"
varicose vein,"['fatigue', 'cramp', 'obesity', 'swollen_leg', 'swollen_blood_vessel', 'prominent_veins_on_calf']"
varicose vein,"['fatigue', 'cramp', 'bruis', 'swollen_leg', 'swollen_blood_vessel', 'prominent_veins_on_calf']"
varicose vein,"['fatigue', 'cramp', 'bruis', 'obesity', 'swollen_blood_vessel', 'prominent_veins_on_calf']"
varicose vein,"['fatigue', 'cramp', 'bruis', 'obesity', 'swollen_leg', 'prominent_veins_on_calf']"
varicose vein,"['fatigue', 'cramp', 'bruis', 'obesity', 'swollen_leg', 'swollen_blood_vessel']"
hypothyroidism,"['fatigue', 'weight_gain', 'cold_hands_and_feet', 'mood_swing', 'lethargy', 'dizzi', 'puffy_face_and_eye', 'enlarged_thyroid', 'brittle_nail', 'swollen_extremetie', 'depression', 'irritability', 'abnormal_menstrua']"
hypothyroidism,"['weight_gain', 'cold_hands_and_feet', 'mood_swing', 'lethargy', 'dizzi', 'puffy_face_and_eye', 'enlarged_thyroid', 'brittle_nail', 'swollen_extremetie', 'depression', 'irritability', 'abnormal_menstrua']"
hypothyroidism,"['fatigue', 'cold_hands_and_feet', 'mood_swing', 'lethargy', 'dizzi', 'puffy_face_and_eye', 'enlarged_thyroid', 'brittle_nail', 'swollen_extremetie', 'depression', 'irritability', 'abnormal_menstrua']"
hypothyroidism,"['fatigue', 'weight_gain', 'mood_swing', 'lethargy', 'dizzi', 'puffy_face_and_eye', 'enlarged_thyroid', 'brittle_nail', 'swollen_extremetie', 'depression', 'irritability', 'abnormal_menstrua']"
hypothyroidism,"['fatigue', 'weight_gain', 'cold_hands_and_feet', 'lethargy', 'dizzi', 'puffy_face_and_eye', 'enlarged_thyroid', 'brittle_nail', 'swollen_extremetie', 'depression', 'irritability', 'abnormal_menstrua']"
hypothyroidism,"['fatigue', 'weight_gain', 'cold_hands_and_feet', 'mood_swing', 'dizzi', 'puffy_face_and_eye', 'enlarged_thyroid', 'brittle_nail', 'swollen_extremetie', 'depression', 'irritability', 'abnormal_menstrua']"
hypothyroidism,"['fatigue', 'weight_gain', 'cold_hands_and_feet', 'mood_swing', 'lethargy', 'puffy_face_and_eye', 'enlarged_thyroid', 'brittle_nail', 'swollen_extremetie', 'depression', 'irritability', 'abnormal_menstrua']"
hypothyroidism,"['fatigue', 'weight_gain', 'cold_hands_and_feet', 'mood_swing', 'lethargy', 'dizzi', 'enlarged_thyroid', 'brittle_nail', 'swollen_extremetie', 'depression', 'irritability', 'abnormal_menstrua']"
hyperthyroidism,"['fatigue', 'mood_swing', 'weight_los', 'restless', 'sweat', 'diarrhoea', 'fast_heart_rate', 'excessive_hung', 'muscle_weak', 'irritability', 'abnormal_menstrua']"
hyperthyroidism,"['mood_swing', 'weight_los', 'restless', 'sweat', 'diarrhoea', 'fast_heart_rate', 'excessive_hung', 'muscle_weak', 'irritability', 'abnormal_menstrua']"
hyperthyroidism,"['fatigue', 'weight_los', 'restless', 'sweat', 'diarrhoea', 'fast_heart_rate', 'excessive_hung', 'muscle_weak', 'irritability', 'abnormal_menstrua']"
hyperthyroidism,"['fatigue', 'mood_swing', 'restless', 'sweat', 'diarrhoea', 'fast_heart_rate', 'excessive_hung', 'muscle_weak', 'irritability', 'abnormal_menstrua']"
hyperthyroidism,"['fatigue', 'mood_swing', 'weight_los', 'sweat', 'diarrhoea', 'fast_heart_rate', 'excessive_hung', 'muscle_weak', 'irritability', 'abnormal_menstrua']"
hyperthyroidism,"['fatigue', 'mood_swing', 'weight_los', 'restless', 'diarrhoea', 'fast_heart_rate', 'excessive_hung', 'muscle_weak', 'irritability', 'abnormal_menstrua']"
hyperthyroidism,"['fatigue', 'mood_swing', 'weight_los', 'restless', 'sweat', 'fast_heart_rate', 'excessive_hung', 'muscle_weak', 'irritability', 'abnormal_menstrua']"
hyperthyroidism,"['fatigue', 'mood_swing', 'weight_los', 'restless', 'sweat', 'diarrhoea', 'excessive_hung', 'muscle_weak', 'irritability', 'abnormal_menstrua']"
hyperthyroidism,"['fatigue', 'mood_swing', 'weight_los', 'restless', 'sweat', 'diarrhoea', 'fast_heart_rate', 'muscle_weak', 'irritability', 'abnormal_menstrua']"
hypoglycemia,"['vomit', 'fatigue', 'anxiety', 'sweat', 'headache', 'nausea', 'blurred_and_distorted_vision', 'excessive_hung', 'slurred_speech', 'irritability', 'palpitation']"
hypoglycemia,"['vomit', 'fatigue', 'anxiety', 'sweat', 'headache', 'nausea', 'blurred_and_distorted_vision', 'excessive_hung', 'drying_and_tingling_lip', 'slurred_speech', 'irritability', 'palpitation']"
hypoglycemia,"['fatigue', 'anxiety', 'sweat', 'headache', 'nausea', 'blurred_and_distorted_vision', 'excessive_hung', 'drying_and_tingling_lip', 'slurred_speech', 'irritability', 'palpitation']"
hypoglycemia,"['vomit', 'anxiety', 'sweat', 'headache', 'nausea', 'blurred_and_distorted_vision', 'excessive_hung', 'drying_and_tingling_lip', 'slurred_speech', 'irritability', 'palpitation']"
hypoglycemia,"['vomit', 'fatigue', 'sweat', 'headache', 'nausea', 'blurred_and_distorted_vision', 'excessive_hung', 'drying_and_tingling_lip', 'slurred_speech', 'irritability', 'palpitation']"
hypoglycemia,"['vomit', 'fatigue', 'anxiety', 'headache', 'nausea', 'blurred_and_distorted_vision', 'excessive_hung', 'drying_and_tingling_lip', 'slurred_speech', 'irritability', 'palpitation']"
hypoglycemia,"['vomit', 'fatigue', 'anxiety', 'sweat', 'nausea', 'blurred_and_distorted_vision', 'excessive_hung', 'drying_and_tingling_lip', 'slurred_speech', 'irritability', 'palpitation']"
hypoglycemia,"['vomit', 'fatigue', 'anxiety', 'sweat', 'headache', 'blurred_and_distorted_vision', 'excessive_hung', 'drying_and_tingling_lip', 'slurred_speech', 'irritability', 'palpitation']"
hypoglycemia,"['vomit', 'fatigue', 'anxiety', 'sweat', 'headache', 'nausea', 'excessive_hung', 'drying_and_tingling_lip', 'slurred_speech', 'irritability', 'palpitation']"
osteoarthristi,"['joint_pain', 'neck_pain', 'knee_pain', 'hip_joint_pain', 'swelling_joint', 'painful_walk']"
osteoarthristi,"['neck_pain', 'knee_pain', 'hip_joint_pain', 'swelling_joint', 'painful_walk']"
osteoarthristi,"['joint_pain', 'knee_pain', 'hip_joint_pain', 'swelling_joint', 'painful_walk']"
osteoarthristi,"['joint_pain', 'neck_pain', 'hip_joint_pain', 'swelling_joint', 'painful_walk']"
osteoarthristi,"['joint_pain', 'neck_pain', 'knee_pain', 'swelling_joint', 'painful_walk']"
osteoarthristi,"['joint_pain', 'neck_pain', 'knee_pain', 'hip_joint_pain', 'painful_walk']"
osteoarthristi,"['joint_pain', 'neck_pain', 'knee_pain', 'hip_joint_pain', 'swelling_joint']"
arthriti,"['muscle_weak', 'stiff_neck', 'swelling_joint', 'movement_stiff', 'painful_walk']"
arthriti,"['stiff_neck', 'swelling_joint', 'movement_stiff', 'painful_walk']"
arthriti,"['muscle_weak', 'swelling_joint', 'movement_stiff', 'painful_walk']"
arthriti,"['muscle_weak', 'stiff_neck', 'movement_stiff', 'painful_walk']"
arthriti,"['muscle_weak', 'stiff_neck', 'swelling_joint', 'painful_walk']"
arthriti,"['muscle_weak', 'stiff_neck', 'swelling_joint', 'movement_stiff']"
(vertigo) paroymsal  positional vertigo,"['vomit', 'headache', 'nausea', 'spinning_movement', 'loss_of_balance', 'unsteadi']"
(vertigo) paroymsal  positional vertigo,"['headache', 'nausea', 'spinning_movement', 'loss_of_balance', 'unsteadi']"
(vertigo) paroymsal  positional vertigo,"['vomit', 'nausea', 'spinning_movement', 'loss_of_balance', 'unsteadi']"
(vertigo) paroymsal  positional vertigo,"['vomit', 'headache', 'spinning_movement', 'loss_of_balance', 'unsteadi']"
(vertigo) paroymsal  positional vertigo,"['vomit', 'headache', 'nausea', 'loss_of_balance', 'unsteadi']"
(vertigo) paroymsal  positional vertigo,"['vomit', 'headache', 'nausea', 'spinning_movement', 'unsteadi']"
(vertigo) paroymsal  positional vertigo,"['vomit', 'headache', 'nausea', 'spinning_movement', 'loss_of_balance']"
acne,"['skin_rash', 'pus_filled_pimple', 'blackhead', 'scurr']"
acne,"['pus_filled_pimple', 'blackhead', 'scurr']"
acne,"['skin_rash', 'blackhead', 'scurr']"
acne,"['skin_rash', 'pus_filled_pimple', 'scurr']"
acne,"['skin_rash', 'pus_filled_pimple', 'blackhead']"
urinary tract infec,"['burning_micturi', 'bladder_discomfort', 'foul_smell_of', 'urine', 'continuous_feel_of_urine']"
urinary tract infec,"['bladder_discomfort', 'foul_smell_of', 'urine', 'continuous_feel_of_urine']"
urinary tract infec,"['burning_micturi', 'foul_smell_of', 'urine', 'continuous_feel_of_urine']"
urinary tract infec,"['burning_micturi', 'bladder_discomfort', 'continuous_feel_of_urine']"
urinary tract infec,"['burning_micturi', 'bladder_discomfort', 'foul_smell_of', 'urine']"
psoriasi,"['skin_rash', 'joint_pain', 'skin_peel', 'silver_like_dust', 'small_dents_in_nail', 'inflammatory_nail']"
psoriasi,"['joint_pain', 'skin_peel', 'silver_like_dust', 'small_dents_in_nail', 'inflammatory_nail']"
psoriasi,"['skin_rash', 'skin_peel', 'silver_like_dust', 'small_dents_in_nail', 'inflammatory_nail']"
psoriasi,"['skin_rash', 'joint_pain', 'silver_like_dust', 'small_dents_in_nail', 'inflammatory_nail']"
psoriasi,"['skin_rash', 'joint_pain', 'skin_peel', 'small_dents_in_nail', 'inflammatory_nail']"
psoriasi,"['skin_rash', 'joint_pain', 'skin_peel', 'silver_like_dust', 'inflammatory_nail']"
psoriasi,"['skin_rash', 'joint_pain', 'skin_peel', 'silver_like_dust', 'small_dents_in_nail']"
impetigo,"['skin_rash', 'high_fev', 'blist', 'red_sore_around_nose', 'yellow_crust_ooze']"
impetigo,"['high_fev', 'blist', 'red_sore_around_nose', 'yellow_crust_ooze']"
impetigo,"['skin_rash', 'blist', 'red_sore_around_nose', 'yellow_crust_ooze']"
impetigo,"['skin_rash', 'high_fev', 'red_sore_around_nose', 'yellow_crust_ooze']"
impetigo,"['skin_rash', 'high_fev', 'blist', 'yellow_crust_ooze']"
impetigo,"['skin_rash', 'high_fev', 'blist', 'red_sore_around_nose']"
